,id,asset_type,offering_type,annual_return_label,asset_class,capital_request,current_preferred_return,deal_size,em_asset_manager,entity_type,equity_multiple,investment_increment,investment_strategy,irr,lien_position,ltv,maximum_investment_amount,minimum_investment_amount,offering_approach,offering_strategy,project_stage,projected_annual_return,rate,restricted_to,sponsor_id,subtype,term,term_period,total_preferred_return,type,unit_cost,Investment Status,Stage,Investment Type_x,Senior Debt_x,Sub-Debt_x,Preferred Equity_x,Equity_x,Total Capitalization_x,EM Investment_x,Deal Leverage % @ Closing_x,EM Last $ Exposure @ Closing_x,Pro Forma / Realized Return,Gross Return Multiple,eFront Dist Freq,Total Return,DISTRIBUTIONS\Interest Payment,DISTRIBUTIONS\Principal Payment,DISTRIBUTIONS\Distribution,DISTRIBUTIONS\Return of Capital,Gross Proceeds Received To Date,Remaining Exposure %
0,19 North Single Family Rental Development,Residential,Preferred Equity,Annual Return Objective,real_estate,3000000,8%,20319273,9038,llc,,5000,Opportunistic,,,85%,3000000,25000,Direct,Preferred Equity,Development,,,506(B),157,preferred,18,Month(s),16%,none,5000,,,,,,,,,,,,,,,,,,,,,
1,"Albuquerque, NM - Netherwood Village",Multifamily,Preferred Equity,Annual Return Objective,real_estate,2500000,9%,19955000,9038,llc,,5000,Value Add,,,81%,,,Direct,Preferred Equity,Value Add,,,506(B),115,preferred,42,Month(s),,none,5000,,,,,,,,,,,,,,,,,,,,,
2,Arbor Crest Value-Add Multifamily,Multifamily,Equity,Annual Return Objective,real_estate,1100000,,25018041,79,llc,,5000,Value Add,,,,500000,15000,Direct,Equity,Entitlement,,,506(B),96,common,4,Year(s),,none,5000,Active,Renovation,LP Equity,"17,000,000", -   , -   ,"8,018,041","25,018,041","1,055,000",68%,100%,,0%,Month,"6,468.48", -   , -   , -   ,"6,468.48",6468.48,0.993868739
3,Atlanta Medical Office Portfolio,Office,Preferred Equity,Annual Return Objective,real_estate,1600000,11%,9655000,79,individual,,5000,Value Add,,,63%,1500000,15000,Direct,Preferred Equity,Value Add,,,none,116,preferred,12,Month(s),11%,none,5000,,,,,,,,,,,,,,,,,,,,,
4,Atlanta Mixed Use Office & Hotel,Mixed Use,Equity,Annual Return Objective,real_estate,3000000,,79744934,9738,llc,,5000,Opportunistic,,,,2000000,50000,Tax-Deferred,"Equity,Opportunity Zone",Development,,,506(B),99,common,10,Year(s),,opportunity_zone,5000,Active,Development,LP Equity,"63,648,003", -   , -   ,"35,000,000","98,648,003","1,993,800",65%,100%,,0%,Quarter, -   , -   , -   , -   , -   ,0,1
5,Boston Area Triple-Net Dispensary,Retail,Preferred Equity,Annual Return Objective,real_estate,1350000,12%,2191000,79,individual,,5000,Opportunistic,,,62%,750000,10000,Direct,Preferred Equity,Value Add,,,none,159,preferred,36,Month(s),12%,none,5000,,,,,,,,,,,,,,,,,,,,,
6,Boston Metro - Assisted Living Facility,Senior Housing,Senior Debt,Annual Return Objective,real_estate,1500000,,12450000,79,individual,,5000,Opportunistic,,Subordinate Participation,51%,1000000,10000,Direct,Debt,Value Add,,14%,none,94,1st_lien,10,Month(s),,none,5000,,,,,,,,,,,,,,,,,,,,,
7,Boston Metro Assisted Living Facility Senior Loan,Senior Housing,Senior Debt,Annual Return Objective,real_estate,1500000,,11050000,79,individual,,5000,Value Add,,Junior Participation,62%,100000,10000,Direct,Debt,Entitlement,,10%,none,94,1st_lien,20,Month(s),,none,5000,Active,Lease-up,Senior Debt,"6,800,000", -   ,"3,250,000","1,000,000","11,050,000","1,500,000",62%,48%,12%,0%,Month,"102,541.67","102,541.67", -   , -   , -   ,102541.6667,0.931638889
8,Boston Mixed-Use Acquisition Loan,Mixed Use,Senior Debt,Annual Return Objective,real_estate,850000,,19640000,9738,llc,,5000,Value Add,14%,First,63%,,10000,Direct,Debt,Entitlement,,11%,506(C),47,1st_lien,12,Month(s),,none,5000,Realized,Sold,Senior Debt,"21,706,000", -   , -   ,"1,200,000","22,906,000","830,000",95%,4%,26%,110%,Month,"912,052.75","82,052.75","830,000.00", -   , -   ,,
9,Brooklyn Designer Luxury Condo (Extension Funding),Condo,Preferred Equity,Annual Return Objective,real_estate,1020000,12%,36825000,79,llc,,5000,Opportunistic,,,80%,1000000,10000,Direct,Preferred Equity,Development,,,506(B),92,preferred,6,Month(s),12%,none,5000,,,,,,,,,,,,,,,,,,,,,
10,Brooklyn Designer Luxury Condo (Follow-On),Condo,Preferred Equity,Annual Return Objective,real_estate,1450000,12%,35805000,79,llc,,5000,Opportunistic,,,79%,1000000,10000,Direct,Preferred Equity,Development,,,506(B),92,preferred,2,Month(s),12%,none,5000,,,,,,,,,,,,,,,,,,,,,
11,Brooklyn Redevelopment,Mixed Use,Equity,Annual Return Objective,real_estate,750000,,7100000,10529,llc,2.8-3.8x,5000,Value Add,15-19%,,,500000,10000,Direct,Equity,Entitlement,6%,,506(C),13,common,10-May,Year(s),,none,5000,Active,Stabilized,LP Equity,"5,800,000","2,109,658", -   ,"4,003,010","11,912,668","553,400",66%,100%,0%,0%,Quarter, -   , -   , -   , -   , -   ,0,1
12,Cash-Flowing Baltimore-Washington Office Park,Office,Equity,Annual Return Objective,real_estate,700000,,51742438,9738,llc,,5000,Core-Plus,,,,500000,5000,Direct,Equity,,,,506(B),85,common,3,Year(s),,none,5000,Active,Stabilized,LP Equity,"36,575,000", -   , -   ,"15,890,000","52,465,000","700,000",70%,100%,0%,0%,Quarter,"109,845.39", -   , -   ,"109,845.39", -   ,109845.39,0.843078014
13,Cash-Flowing Connecticut Luxury Apartments,Multifamily,Equity,Annual Return Objective,real_estate,700000,,78653546,9738,llc,2.1x,5000,Value Add,17%,,,400000,10000,Direct,Equity,Entitlement,8%,,506(C),58,common,5,Year(s),,none,5000,Active,Stabilized,LP Equity,"57,886,000", -   , -   ,"20,788,996","78,674,996","715,000",74%,100%,,0%,Quarter,"31,147.87", -   , -   ,"31,147.87", -   ,31147.87,0.956436545
14,Cash-Flowing Connecticut Multifamily ,Multifamily,Equity,Annual Return Objective,real_estate,300000,,14668750,9038,llc,1.8-2.2x,5000,Value Add,15-20%,,,500000,10000,Direct,Equity,Entitlement,10-12%,,506(C),55,common,5,Year(s),,none,5000,,,,,,,,,,,,,,,,,,,,,
15,Cash-Flowing Fairfield Inn & Suites Hotel,Hotel,Equity,Annual Return Objective,real_estate,2000000,,14724573,9038,llc,1.5x,5000,Value Add,16%,,,1000000,15000,Direct,Equity,Entitlement,11%,,506(B),74,common,3,Year(s),,none,5000,Active,Lease-up,LP Equity,"10,879,973", -   , -   ,"3,844,600","14,724,573","2,000,000",74%,100%,0%,0%,Month,"327,525.28","16,376.44", -   ,"311,148.84", -   ,327525.28,0.83623736
16,Cash-Flowing Jacksonville Multifamily,Multifamily,Equity,Annual Return Objective,real_estate,1300000,,13746347,79,llc,,5000,Core-Plus,,,,500000,10000,Direct,Equity,Entitlement,,,506(B),88,common,5,Year(s),,none,5000,Active,Stabilized,LP Equity,"8,985,000", -   , -   ,"4,761,347","13,746,347","1,300,000",65%,100%,,0%,Quarter,"68,250.00", -   , -   ,"68,250.00", -   ,68250,0.9475
17,Cash-Flowing Manhattan Multifamily,Multifamily,Equity,Annual Return Objective,real_estate,250000,,11570000,9038,llc,1.7-1.9x,5000,Value Add,13-15%,,,500000,10000,Direct,Equity,Entitlement,4-5%,,506(C),55,common,5,Year(s),,none,5000,Active,Stabilized,LP Equity,"7,150,000", -   , -   ,"4,420,000","11,570,000","115,000",62%,100%,0%,0%,Quarter,"2,221.18", -   , -   ,"2,221.18", -   ,2221.18,0.980685391
18,Cash-Flowing Memphis Office and Multifamily,Mixed Use,Equity,Annual Return Objective,real_estate,400000,,6420000,9038,llc,2.0-2.5x,5000,Core,17-22%,,,400000,10000,Direct,Equity,Entitlement,10-12%,,506(C),53,preferred,5,Year(s),,none,5000,Active,Lease-up,LP Equity,"4,900,000", -   , -   ,"1,589,500","6,489,500","375,000",76%,100%,,0%,Month,"69,813.86","2,500.00", -   ,"67,313.86", -   ,69813.86,0.813829707
19,Cash-Flowing Midwest Multifamily Portfolio,Multifamily,Equity,Annual Return Objective,real_estate,750000,,39570498,79,llc,1.12x,5000,Value Add,15%,,,750000,10000,Direct,Equity,Entitlement,10%,,506(B),68,common,3,Year(s),,none,5000,Active,Stabilized,LP Equity,"21,900,000", -   , -   ,"8,882,105","30,782,105","450,000",71%,100%,0%,0%,Quarter,"115,269.16", -   , -   , -   ,"115,269.16",115269.16,0.743846311
20,Cash-Flowing New Jersey Multifamily,Multifamily,Preferred Equity,Annual Return Objective,real_estate,500000,7%,1797830,9738,llc,1.42x,5000,Value Add,,,,500000,10000,Direct,Preferred Equity,Entitlement,,,506(C),54,preferred,3,Year(s),14%,none,5000,Realized,Sold,Preferred Equity,"1,207,500", -   ,"405,000","185,330","1,797,830","405,000",90%,90%,16%,118%,Quarter,"477,970.22","72,970.22","405,000.00", -   , -   ,,
21,Cash-Flowing New Jersey Self Storage,Self-Storage,Equity,Annual Return Objective,real_estate,1000000,,14300000,9038,llc,1.9x,5000,Value Add,26%,,,1000000,10000,Direct,Equity,Entitlement,5%,,506(C),60,common,3,Year(s),,none,5000,Active,Lease-up,LP Equity,"7,944,314", -   , -   ,"6,869,099","14,813,413","1,000,000",54%,100%,0%,0%,Quarter, -   , -   , -   , -   , -   ,0,1
22,Cash-Flowing Seattle Area Office Portfolio,Office,Equity,Annual Return Objective,real_estate,1500000,,46735704,79,llc,1.5x,5000,Value Add,16%,,,1000000,10000,Direct,Equity,,10%,,506(B),73,common,3,Year(s),,none,5000,Active,Sale,LP Equity,"32,700,000", -   , -   ,"14,035,704","46,735,704","1,500,000",70%,100%,,0%,Quarter,"375,462.74", -   , -   ,"375,462.74", -   ,375462.74,0.749691507
23,Cash-Flowing Sheraton Hotel,Hotel,Equity,Annual Return Objective,real_estate,2000000,,25070000,9038,llc,,5000,Core,,,,500000,15000,Direct,Equity,Entitlement,,,506(B),87,common,5,Year(s),,none,5000,Active,Lease-up,LP Equity,"16,000,000", -   , -   ,"9,070,000","25,070,000","2,000,000",64%,100%,0%,0%,Quarter,"44,444.50", -   , -   ,"44,444.50", -   ,44444.5,0.97777775
24,Cash-Flowing Stamford Luxury Apartment Complex,Multifamily,Equity,Annual Return Objective,real_estate,150000,,35521614,9738,llc,1.9x,5000,Value Add,15%,,,150000,10000,Direct,Equity,Entitlement,6-7%,,506(C),58,preferred,5,Year(s),,none,5000,Active,Stabilized,LP Equity,"25,357,000", -   , -   ,"9,883,310","35,240,310","150,000",72%,100%,,0%,Quarter,"26,005.35", -   , -   ,"26,005.35", -   ,26005.35,0.826631
25,Cash Flowing Tampa Bay Industrial Park,Industrial,Equity,Annual Return Objective,real_estate,350000,,12900000,9038,llc,1.5-1.8x,1000,Value Add,10-14%,,,350000,5000,Direct,Equity,Entitlement,8-9%,,506(C),23,common,5-Mar,Year(s),,none,1000,Realized,Sold,LP Equity,"8,660,000", -   ,"100,000","4,150,000","12,910,000","57,000",68%,100%,20%,175%,Month,"99,248.75", -   , -   ,"42,248.75","57,000.00",,
26,Cash-Flowing Texas A&M Student Housing,Student Housing,Equity,Annual Return Objective,real_estate,500000,,3811163,9038,llc,2.0-2.2x,5000,Core,17-19%,,,500000,10000,Direct,Equity,Entitlement,8-10%,,506(C),53,common,5,Year(s),,none,5000,Active,Stabilized,LP Equity,"1,964,600", -   , -   ,"1,062,824","3,842,824","500,000",51%,100%,,0%,Quarter,"29,281.64", -   , -   ,"29,281.64", -   ,29281.64,0.94143672
27,Cash Flowing Texas Multifamily Portfolio,Multifamily,Equity,Annual Return Objective,real_estate,530000,,11000000,10529,llc,2.2-2.4x,1000,Core,19-21%,,,1000000,10000,Direct,Equity,Entitlement,12%,,506(C),40,common,5,Year(s),,none,1000,Active,Lease-up,LP Equity,"7,305,728", -   , -   ,"3,695,990","11,001,717","1,010,000",66%,100%,,56%,Quarter,"588,282.90", -   , -   ,"474,338.30","113,944.60",588282.8978,0.417541685
28,Cash Flowing Texas Multifamily Portfolio (Allocation II),Multifamily,Equity,Annual Return Objective,real_estate,500000,,11000000,10529,llc,2.2-2.4x,5000,Core,19-22%,,,300000,10000,Direct,Equity,Entitlement,12-13%,,506(C),40,preferred,5,Year(s),,none,5000,,,,,,,,,,,,,,,,,,,,,
29,Cash-Flowing TWU Student Housing,Student Housing,Equity,Annual Return Objective,real_estate,750000,,13637481,9038,llc,1.7x,5000,Value Add,20%,,,1000000,10000,Direct,Equity,Entitlement,9%,,506(C),53,common,3,Year(s),,none,5000,Active,Stabilized,LP Equity,"9,825,000", -   , -   ,"3,812,481","13,637,481","750,000",72%,100%,,0%,Quarter,"67,500.00", -   , -   ,"67,500.00", -   ,67500,0.91
30,"Cash-Flowing Washington, D.C. Area Office",Office,Equity,Annual Return Objective,real_estate,2000000,,32951426,79,llc,1.5x,5000,Value Add,15%,,,500000,10000,Direct,Equity,Entitlement,9%,,506(B),69,common,3,Year(s),,none,5000,Active,Lease-up,LP Equity,"21,511,750", -   , -   ,"11,439,676","32,951,426","1,890,000",65%,100%,,0%,Quarter,"234,604.03", -   , -   ,"234,604.03", -   ,234604.03,0.875870884
31,Charleston Retail and Student Housing Portfolio,Mixed Use,Equity,Annual Return Objective,real_estate,500000,,16700000,10529,llc,1.8x,5000,Value Add,22%,,,500000,5000,Direct,Equity,Entitlement,5%,,506(C),37,common,3,Year(s),,none,5000,Active,Lease-up,LP Equity,"12,930,000", -   , -   ,"5,653,718","18,583,718","500,000",70%,100%,0%,0%,Quarter, -   , -   , -   , -   , -   ,0,1
32,Chicago Area Office and Data Center Loan,Office,Senior Debt,Annual Return Objective,real_estate,3000000,,16900000,9038,llc,,5000,Value Add,,First,80%,1000000,10000,Direct,Debt,Entitlement,,10.50%,506(B),47,1st_lien,12,Month(s),,none,5000,Active,Lease-up,LP Equity, -   , -   , -   ,"32,183,806","32,183,806","3,050,000",0%,65%,12%,0%,Month,"314,278.21","314,278.21", -   , -   , -   ,314278.21,0.896957964
33,Chicago Metro Office (Equity Participation),Office,Equity,Annual Return Objective,real_estate,1040000,9%,28100000,9038,llc,,5000,Core-Plus,,,76%,1000000,10000,Direct,Equity,Entitlement,,,506(B),72,common,24,Month(s),9%,none,5000,Active,Lease-up,LP Equity,"16,897,872", -   ,"4,133,496","4,716,504","25,747,872","1,040,000",82%,100%,10%,0%,Quarter, -   , -   , -   , -   , -   ,0,1
34,Chicago - Multifamily Portfolio,Multifamily,Preferred Equity,Annual Return Objective,real_estate,3575000,10%,27696800,9038,llc,,5000,Core-Plus,,,79%,1000000,20000,Direct,Preferred Equity,Stabilized,,,506(B),106,preferred,36,Month(s),13%,none,5000,Realized,Sold,Preferred Equity,"18,500,000", -   ,"3,500,000","5,737,000","27,737,000","3,500,000",79%,,12%,101%,Month,"3,550,416.66","50,416.66","3,500,000.00", -   , -   ,,
35,Chicago - Multifamily Property,Multifamily,Preferred Equity,Annual Return Objective,real_estate,2000000,14%,12437880,9038,llc,,5000,Core-Plus,,,73%,1000000,20000,Direct,Preferred Equity,Stabilized,,,506(B),106,preferred,24,Month(s),14%,none,5000,Active,Stabilized,Preferred Equity,"6,888,100", -   ,"2,000,000","4,104,028","12,992,128","2,000,000",68%,68%,15%,0%,Month,"168,333.33","168,333.33", -   , -   , -   ,168333.3332,0.915833333
36,Chronos Stabilized Multifamily Fund,Multifamily,Equity,Annual Return Objective,real_estate,3000000,,165113000,79,llc,,5000,Value Add,,,,2000000,25000,Fund,Equity,Value Add,,,none,156,common,4,Year(s),,none,5000,,,,,,,,,,,,,,,,,,,,,
37,Class A Medical Office,Medical Office,Equity,Annual Return Objective,real_estate,1500000,,14620591,79,individual,,5000,Core-Plus,,,,1250000,15000,Direct,Equity,Stabilized,,,none,163,preferred,60,Month(s),,none,5000,,,,,,,,,,,,,,,,,,,,,
38,Colony Hills Multifamily GP Fund,Multifamily,Equity,Annual Return Objective,real_estate,3000000,,10000000,9738,llc,,5000,Value Add,,,,300000,25000,Fund,Equity,Value Add,,,506(B),162,preferred,5,Year(s),,none,5000,,,,,,,,,,,,,,,,,,,,,
39,"Columbus, OH - Courtyard by Marriott Hotel Loan",Hotel,Senior Debt,Annual Return Objective,real_estate,2000000,,14405000,9038,individual,,5000,Value Add,,Junior Participation,66%,1000000,10000,Direct,Debt,Value Add,,12%,none,101,1st_lien,24,Month(s),,none,5000,Active,Lease-up,Senior Debt,"9,500,000","800,000", -   ,"4,105,000","14,405,000","2,000,000",66%,66%,12%,0%,Month,"71,333.33","71,333.33", -   , -   , -   ,71333.33337,0.964333333
40,Crossings at Elver Park,Multifamily,Equity,Annual Return Objective,real_estate,2500000,,9738110,9738,llc,,5000,Value Add,,,,,,Direct,Equity,Value Add,,,506(B),160,preferred,24,Month(s),,none,5000,,,,,,,,,,,,,,,,,,,,,
41,Distressed Opportunity Fund,Multi-Asset,Debt + Equity,Annual Return Objective,real_estate,5000000,,7500000000,9738,llc,,5000,Value Add,,,,5000000,50000,Fund,Equity,Value Add,,,506(B),111,1st_lien,10,Year(s),,none,5000,Active,Development,LP Equity, -   , -   , -   , -   , -   ,"1,880,000",not upload,,,0%,Quarter, -   , -   , -   , -   , -   ,0,1
42,Downtown Brooklyn Residential Loan,Condo,Mezzanine Debt,Annual Return Objective,real_estate,7000000,,97974277,9038,individual,,5000,Opportunistic,,,70%,1000000,10000,Direct,Debt,Entitlement,,10%,506(C),78,mezzanine,20,Month(s),,none,5000,Active,Development,Mezzanine Debt,"64,387,500","15,562,500", -   ,"18,024,277","97,974,277","6,425,000",82%,82%,12%,0%,Month,"1,036,958.39","1,036,958.39", -   , -   , -   ,1036958.39,0.838605698
43,Downtown Greenville - The McClaren,Multifamily,Equity,Annual Return Objective,real_estate,3060000,,56293677,9738,llc,,5000,Opportunistic,,,,3000000,50000,Tax-Deferred,"Equity,Opportunity Zone",Development,,,506(B),102,common,10,Year(s),,opportunity_zone,5000,Active,Development,LP Equity,"37,000,000", -   , -   ,"19,118,270","56,118,270","2,700,000",66%,100%,,0%,Quarter, -   , -   , -   , -   , -   ,0,1
44,Downtown Greenville - The McClaren (EM 86),Multifamily,Equity,Annual Return Objective,real_estate,3060000,,56293677,9738,llc,,5000,Opportunistic,,,,1000000,40000,Tax-Deferred,"Equity,Opportunity Zone",Development,,,506(B),102,common,10,Year(s),,opportunity_zone,5000,,,,,,,,,,,,,,,,,,,,,
45,Echo Park Multifamily Senior Loan,Multifamily,Senior Debt,Annual Return Objective,real_estate,1200000,,1814769,9738,individual,,5000,Value Add,,First,73%,,,Direct,Debt,Value Add,,7.50%,506(B),110,1st_lien,24,Month(s),,none,5000,,,,,,,,,,,,,,,,,,,,,
46,Fairfield Inn & Suites Senior Construction Loan,Hotel,Senior Debt,Annual Return Objective,real_estate,3000000,,33707245,79,individual,,5000,Opportunistic,,B-Note,75%,1000000,20000,Direct,Debt,Entitlement,,12%,none,90,1st_lien,24,Month(s),,none,5000,Active,Development,Senior Debt,"30,000,000", -   , -   ,"4,398,216","34,398,216","3,000,000",87%,87%,13%,0%,Month,"501,583.33","501,583.33", -   , -   , -   ,501583.3331,0.832805556
47,Ft. Lauderdale - Cash Flowing Office,Office,Preferred Equity,Annual Return Objective,real_estate,965000,9%,3506623,79,llc,,5000,Value Add,0%,,85%,1000000,10000,Direct,Preferred Equity,Stabilized,,,506(B),77,preferred,24,Month(s),13.50%,none,5000,Realized,Sold,Preferred Equity,"2,012,500", -   ,"965,000","529,123","3,506,623","965,000",85%,85%,19%,112%,Quarter,"1,061,116.59","96,116.59","965,000.00", -   , -   ,,
48,Getaway Leased Cash Flowing Campground,Campground,Preferred Equity,Annual Return Objective,real_estate,100000,13%,365569,9738,llc,1.4x,5000,Opportunistic,13%,,,100000,5000,Direct,Preferred Equity,Entitlement,13-13%,,506(C),44,preferred,3,Year(s),13%,none,5000,Realized,Sold,Preferred Equity,"252,000", -   ,"100,000","13,569","365,569","100,000",96%,96%,16%,122%,Month,"121,616.84","21,616.84","100,000.00", -   , -   ,,
49,Government Office Redevelopment,Office,Preferred Equity,Annual Return Objective,real_estate,2000000,11%,40255000,79,individual,,5000,Opportunistic,,,79%,2000000,15000,Direct,Preferred Equity,Value Add,,,none,158,preferred,18,Month(s),15%,none,5000,,,,,,,,,,,,,,,,,,,,,
50,"Hartford, CT - Last Mile Industrial Facility",Industrial,Equity,Annual Return Objective,real_estate,2180000,,2180000,9038,individual,,5000,Core-Plus,,,,1000000,15000,Direct,Equity,Value Add,,,none,95,preferred,36,Month(s),,none,5000,Active,Lease-up,LP Equity,"4,070,000", -   , -   ,"2,511,250","6,581,250","2,135,000",62%,100%,0%,0%,Quarter, -   , -   , -   , -   , -   ,0,1
51,Harvard Heights LA Multifamily Value Add,Multifamily,Equity,Stabilized Return on Cost,real_estate,540000,,1653974,79,llc,1.8x,5000,Value Add,21%,,,540000,10000,Direct,Equity,Entitlement,7%,,506(C),65,common,3,Year(s),,none,5000,Realized,Sold,LP Equity,"1,028,400", -   , -   ,"625,574","1,653,974","545,000",62%,100%,9%,105%,Quarter,"570,663.26", -   , -   ,"25,663.26","545,000.00",,
52,Hawaii Residential Construction Loan,Residential,Senior Debt,Annual Return Objective,real_estate,500000,,5150000,9038,llc,,5000,Value Add,,First,62%,500000,5000,Direct,Debt,Entitlement,,10%,506(C),47,1st_lien,12,Month(s),,none,5000,Active,Sale,Senior Debt,"5,100,000", -   , -   , -   ,"5,100,000","335,000",100%,100%,11%,0%,Month,"55,379.71","55,379.71", -   , -   , -   ,55379.71,0.834687433
53,HFZ Lionbridge Fund,Multi-Asset,Equity,Annual Return Objective,real_estate,6000000,,50000000,,llc,,5000,Value Add,,,,5000000,30000,Fund,Equity,Value Add,,,506(B),112,preferred,,Year(s),,none,5000,,,,,,,,,,,,,,,,,,,,,
54,"Hightstown, NJ - Bank Street Predevelopment",Multifamily,Preferred Equity,Annual Return Objective,real_estate,1100000,8%,16595505,9738,llc,,5000,Opportunistic,,,53%,1100000,15000,Direct,Preferred Equity,Entitlement,,,506(B),120,preferred,18,Month(s),10%,none,5000,Active,Development,Preferred Equity,"6,000,000", -   ,"2,822,581","7,772,924","16,595,505","1,100,000",53%,43%,11%,0%,Month, -   , -   , -   , -   , -   ,0,1
55,"Historic Boutique Hotel Conversion - Savannah, GA",Hotel,Equity,Annual Return Objective,real_estate,500000,,20600000,10529,llc,3.0-3.2x,5000,Core,21-24%,,,500000,5000,Direct,Equity,Entitlement,17-20%,,506(C),39,common,7,Year(s),,none,5000,Active,Lease-up,LP Equity,"18,000,000","2,500,000", -   ,"5,136,510","25,636,510","500,000",80%,100%,0%,0%,Quarter, -   , -   , -   , -   , -   ,0,1
56,Historic Detroit Office Senior Bridge Loan,Office,Senior Debt,Annual Return Objective,real_estate,2000000,,37735880,,llc,,5000,Value Add,,First,53%,1000000,10000,Direct,Debt,Entitlement,,10.50%,506(B),80,1st_lien,4,Month(s),,none,5000,,,,,,,,,,,,,,,,,,,,,
57,Hotel Indigo Acquisition & Development Loan,Hotel,Senior Debt,Annual Return Objective,real_estate,800000,,7875000,9038,llc,,5000,Opportunistic,,First,80%,500000,10000,Direct,Debt,Entitlement,,11%,506(C),47,1st_lien,6,Month(s),,none,5000,Realized,Sold,Senior Debt,"7,875,000", -   , -   ,"1,923,416","9,798,416","800,000",80%,8%,10%,126%,Month,"1,005,637.78","205,637.78","800,000.00", -   , -   ,,
58,Houston Heights Multifamily Repositioning,Multifamily,Equity,Annual Return Objective,real_estate,600000,,1875278,9038,llc,1.5-1.6x,5000,Value Add,24-27%,,,600000,10000,Direct,Equity,Entitlement,7-9%,,506(C),64,common,3,Year(s),,none,5000,Active,Stabilized,LP Equity,"1,235,000", -   , -   ,"662,794","1,897,794","560,000",65%,100%,,0%,Quarter,"129,584.29", -   , -   ,"62,758.08","66,826.21",129584.29,0.768599482
59,"Houston, TX - Fairmont on San Felipe Apartments",Multifamily,Equity,Annual Return Objective,real_estate,2000000,,93695439,,individual,1.6x,5000,Core-Plus,11%,,,1000000,10000,Direct,Equity,Stabilized,8%,,none,119,common,5,Year(s),,none,5000,,,,,,,,,,,,,,,,,,,,,
60,"Houston, TX - Stabilized Multifamily Recapitalization",Multifamily,Equity,Annual Return Objective,real_estate,430000,8%,2303000,9038,llc,,5000,Core,,,81%,370000,10000,Direct,Preferred Equity,Stabilized,,,none,115,preferred,36,Month(s),13%,none,5000,Active,Lease-up,Preferred Equity,"1,498,000", -   ,"430,000","435,000","2,363,000","430,000",82%,82%,14%,0%,Month,"6,665.00","6,665.00", -   , -   , -   ,6665,0.9845
61,"Houston, TX - Value-Add Multifamily (Allocation II)",Multifamily,Preferred Equity,Annual Return Objective,real_estate,1000000,9%,16366000,9038,llc,,5000,Value Add,,,73%,2500000,10000,Direct,Preferred Equity,Value Add,,,none,115,preferred,22,Month(s),14.50%,none,5000,Active,Renovation,Preferred Equity,"8,416,166", -   ,"3,500,683","4,450,000","16,366,849","1,000,000",73%,73%,16%,0%,Month,"11,666.67","11,666.67", -   , -   , -   ,11666.6667,0.988333333
62,"Houston, TX - Value-Add Multifamily Recapitalization",Multifamily,Preferred Equity,Annual Return Objective,real_estate,3000000,9%,15970000,9038,llc,,5000,Value Add,,,72%,1000000,20000,Direct,Preferred Equity,Value Add,,,none,115,preferred,24,Month(s),15%,none,5000,Active,Renovation,Preferred Equity,"8,416,166", -   ,"3,500,683","4,450,000","16,366,849","2,500,000",73%,73%,16%,0%,Month,"43,055.56","43,055.56", -   , -   , -   ,43055.5556,0.982777778
63,Hudson Yards Luxury Condo,Condo,Mezzanine Debt,Annual Return Objective,real_estate,2100000,,20247497,79,llc,,5000,Opportunistic,,Subordinate Mezzanine,78%,1000000,10000,Direct,Debt,Development,,13.50%,none,92,mezzanine,10,Month(s),,none,5000,,,,,,,,,,,,,,,,,,,,,
64,Indianapolis - Staybridge Suites Loans,Hotel,Mezzanine Debt,Annual Return Objective,real_estate,2250000,,2400000,79,llc,,5000,Value Add,,Mezzanine,66%,1000000,15000,Direct,Debt,Value Add,,11.50%,none,108,mezzanine,70,Month(s),,none,5000,Active,Lease-up,Mezzanine Debt,"15,000,000","2,400,000", -   ,"950,000","18,350,000","2,250,000",95%,95%,13%,0%,Month,"121,364.53","117,513.18","3,851.35", -   , -   ,121364.53,0.946060209
65,Jacksonville Value-Add Multifamily,Multifamily,Preferred Equity,Annual Return Objective,real_estate,2575000,8%,32900000,79,individual,,5000,Value Add,,,70%,2500000,20000,Direct,Preferred Equity,Value Add,,,none,165,preferred,24,Month(s),11%,none,5000,,,,,,,,,,,,,,,,,,,,,
66,Long Island - Self-Storage Development,Self-Storage,Equity,Annual Return Objective,real_estate,785000,,19400000,9038,llc,,5000,Opportunistic,,,,785000,10000,Direct,Equity,Development,,,506(B),86,preferred,48,Month(s),,none,5000,Active,Development,LP Equity,"11,834,000", -   , -   ,"7,596,078","19,430,078","785,000",61%,100%,,0%,Quarter, -   , -   , -   , -   , -   ,0,1
67,Los Angeles - Arlington Avenue Loan,Multifamily,Senior Debt,Annual Return Objective,real_estate,1000000,,1758417,9738,llc,,5000,Value Add,0.02,First,62%,1000000,10000,Direct,Debt,Value Add,,7.00%,506(B),110,1st_lien,12,Month(s),,none,5000,Realized,Sold,Senior Debt,"1,087,500", -   , -   ,"670,917","1,758,417","470,000",62%,62%,9%,105%,Month,"22,876.61","22,876.61", -   , -   , -   ,,
68,Los Angeles - Melrose Co-Living,Multifamily,Preferred Equity,Annual Return Objective,real_estate,2500000,9%,27095808,9038,individual,,5000,Opportunistic,,,70%,2000000,10000,Direct,Preferred Equity,Development,,,none,121,preferred,23,Month(s),15%,none,5000,Active,Development,Preferred Equity,"15,100,000", -   ,"3,500,000","8,495,808","27,095,808","2,500,000",69%,65%,16%,0%,Month,"41,937.23","41,937.23", -   , -   , -   ,41937.2294,0.983225108
69,Los Angeles Multifamily Portfolio Value-Add,Multifamily,Equity,Stabilized Return on Cost,real_estate,600000,,5149750,79,llc,1.28-1.34x,5000,Core,16-21%,,,600000,10000,Direct,Equity,Entitlement,6%,,506(C),62,common,2,Year(s),,none,5000,Active,Stabilized,LP Equity,"6,048,000", -   , -   ,"363,708","6,411,708","628,000",94%,100%,0%,0%,Quarter,"574,489.17", -   , -   , -   ,"574,489.17",574489.17,0.085208415
70,"Macon, Georgia - Amazon Warehouse",Industrial,Equity,Annual Return Objective,real_estate,1500000,,78507852,9738,llc,,5000,Core,,,,10000000,20000,Direct,Equity,Stabilized,,,506(B),105,common,55,Month(s),,exchange_1031,5000,Active,Stabilized,LP Equity,"42,100,000", -   , -   ,"36,407,852","78,507,852","2,345,000",54%,100%,,0%,Month,"106,323.74","106,323.74", -   , -   , -   ,106323.74,0.954659386
71,"Macon, Georgia - Amazon Warehouse DST",Industrial,Equity,Annual Return Objective,real_estate,6000000,,78507852,,llc,,1,Core,,,,10000000,100000,Tax-Deferred,"Equity,1031",Stabilized,,,506(B),105,common,5,Year(s),,none,1,,,,,,,,,,,,,,,,,,,,,
72,Manhattan - Luxury Condo,Condo,Mezzanine Debt,Annual Return Objective,real_estate,6000000,,184507344,79,llc,,5000,Opportunistic,,Mezzanine,78%,1000000,20000,Direct,Debt,Development,,15%,none,92,mezzanine,10,Month(s),,none,5000,Active,Development,Mezzanine Debt,"156,160,000","6,000,000","4,100,000","17,977,344","184,237,344","6,000,000",88%,88%,18%,0%,Month,"640,603.00","640,603.00", -   , -   , -   ,640603.0001,0.893232833
73,Metro Phoenix - Airport Logistics,Industrial,Equity,Annual Return Objective,real_estate,1020000,,41810726,,llc,,5000,Opportunistic,,,,1000000,50000,Tax-Deferred,"Equity,Opportunity Zone",Development,,,506(B),84,preferred,10,Year(s),,opportunity_zone,5000,,,,,,,,,,,,,,,,,,,,,
74,Mid-City LA Multifamily Value Add - 18th Street,Multifamily,Equity,Stabilized Return on Cost,real_estate,600000,,1978750,79,individual,1.7x,5000,Value Add,21%,,,600000,10000,Direct,Equity,Entitlement,6%,,none,65,preferred,3,Year(s),,none,5000,Realized,Sold,LP Equity,"1,278,750", -   , -   ,"700,000","1,978,750","600,000",65%,100%,42%,119%,Quarter,"713,709.04", -   , -   ,"113,709.04","600,000.00",,
75,Mid-City LA Multifamily Value Add - 3rd Avenue,Multifamily,Equity,Stabilized Return on Cost,real_estate,600000,,1963438,79,llc,1.7x,5000,Value Add,20%,,,600000,10000,Direct,Equity,Entitlement,6%,,506(C),65,common,3,Year(s),,none,5000,Realized,Sold,LP Equity,"1,270,000", -   , -   ,"693,438","1,963,438","600,000",65%,100%,-28%,55%,Quarter,"329,066.00", -   , -   , -   ,"329,066.00",,
76,Mid-City LA Multifamily Value Add - 4th Avenue,Multifamily,Equity,Stabilized Return on Cost,real_estate,660000,,1857200,79,llc,1.35x,5000,Value Add,17%,,,660000,10000,Direct,Equity,Entitlement,5%,,506(C),65,common,2,Year(s),,none,5000,Realized,Sold,LP Equity,"1,090,500", -   , -   ,"766,700","1,857,200","660,000",59%,100%,6%,102%,Quarter,"676,190.42", -   , -   ,"16,190.42","660,000.00",,
77,Midtown Detroit Multifamily Portfolio,Multifamily,Equity,Annual Return Objective,real_estate,500000,,6171153,9038,llc,1.7-1.9x,5000,Value Add,17-20%,,,500000,10000,Direct,Equity,Entitlement,6-7%,,506(C),30,common,5,Year(s),,none,5000,Active,Sale/Lease-up,LP Equity,"5,000,000", -   , -   ,"2,321,153","7,321,153","325,000",68%,100%,0%,0%,Quarter, -   , -   , -   , -   , -   ,0,1
78,Milwaukee Value Add Office,Office,Equity,Annual Return Objective,real_estate,500000,,9100000,79,llc,1.8-2.0x,1000,Value Add,16-20%,,,500000,5000,Direct,Equity,Entitlement,8-10%,,506(C),30,common,5-Mar,Year(s),,none,1000,Realized,Sold,LP Equity,"4,266,000", -   , -   ,"3,381,000","7,647,000","300,000",56%,100%,22%,195%,Quarter,"584,819.58", -   , -   ,"300,000.25","284,819.33",,
79,National Stabilized Multifamily Fund - Continental Properties,Multifamily,Equity,Annual Return Objective,real_estate,5000000,,597397000,9738,llc,,5000,Core,,,,1000000,30000,Fund,Equity,Stabilized,,,506(B),9,preferred,10,Year(s),,none,5000,Active,Stabilized,LP Equity,"438,897,000", -   , -   ,"158,500,000","597,397,000","2,975,000",73%,100%,,0%,Quarter,"134,221.99","133,992.35", -   ,"53,783.99","-53,554.35",134221.99,0.954883365
80,Nevada - Industrial and Retail NNN,Mixed Use,Preferred Equity,Annual Return Objective,real_estate,4420000,11%,7070000,9038,llc,,5000,Opportunistic,,,73%,1400000,20000,Direct,Preferred Equity,Value Add,,,506(B),104,preferred,24,Month(s),16%,none,5000,Active,Lease-up,Preferred Equity,"750,000", -   ,"4,420,000","3,000,000","8,170,000","4,420,000",63%,63%,17%,0%,Month,"265,846.98","265,846.98", -   , -   , -   ,265846.9784,0.939853625
81,New Orleans - The Columns Hotel,Hotel,Preferred Equity,Annual Return Objective,real_estate,2780000,11%,10041430,9038,llc,,5000,Opportunistic,,,82%,1400000,20000,Direct,Preferred Equity,Value Add,,,506(B),103,preferred,36,Month(s),18%,none,5000,Active,Renovation,Preferred Equity,"5,500,000", -   ,"2,780,000","2,126,425","10,406,425","2,780,000",80%,80%,20%,0%,Quarter,"164,946.67","164,946.67", -   , -   , -   ,164946.6666,0.940666667
82,Occupied Industrial Property Bridge Loan,Industrial,Senior Debt,Annual Return Objective,real_estate,500000,,1225000,10529,llc,1.06-1.14x,1000,Opportunistic,13-15%,First,60%,500000,5000,Direct,Debt,Entitlement,,9.50%,506(C),36,1st_lien,12-Jun,Month(s),,none,1000,Realized,Sold,Senior Debt,"1,225,000", -   , -   ,"806,820","2,031,820","340,000",60%,60%,14%,108%,Month,"365,858.53","25,858.53","340,000.00", -   , -   ,,
83,Oklahoma City - AT&T Net Lease,Office,Preferred Equity,Annual Return Objective,real_estate,3500000,11%,19351478,9738,llc,,5000,Value Add,,,81%,3500000,25000,Direct,Preferred Equity,Value Add,,,506(B),123,preferred,36,Month(s),11%,none,5000,,,,,,,,,,,,,,,,,,,,,
84,Opportunity Zone Fund - National Manufactured Housing,Manufactured Housing Community,Equity,Annual Return Objective,real_estate,7500000,,350000000,9738,llc,,5000,Opportunistic,,,,10000000,75000,Direct,"Equity,Opportunity Zone",Entitlement,,,506(B),89,common,10,Year(s),,opportunity_zone,5000,Active,Lease-up,LP Equity,"100,000,000", -   , -   ,"272,000,000","372,000,000","6,170,000",27%,100%,0%,0%,Quarter, -   , -   , -   , -   , -   ,0,1
85,Opportunity Zone - Metro Phoenix Industrial,Industrial,Equity,Annual Return Objective,real_estate,7140000,,27407707,9738,llc,,5000,Opportunistic,,,55%,1000000,50000,Direct,Equity,Entitlement,,,506(B),84,common,10,Year(s),,none,5000,Active,Development,LP Equity,"17,729,423", -   , -   ,"11,889,483","29,618,906","2,386,300",60%,100%,,0%,Quarter, -   , -   , -   , -   , -   ,0,1
86,Palm Springs - Addiction Treatment Facility,Health Care,Preferred Equity,Annual Return Objective,real_estate,600000,11%,5221908,9738,llc,,5000,Core-Plus,,,87%,1000000,10000,Direct,Preferred Equity,Stabilized,,,506(B),91,preferred,10,Year(s),11%,none,5000,Active,Stabilized,Preferred Equity,"3,350,000", -   ,"1,200,000","662,640","5,212,640","600,000",87%,87%,13%,0%,Month,"87,500.00","87,500.00", -   , -   , -   ,87500,0.854166667
87,Park City Main Street Bridge Loan,Mixed Use,Senior Debt,Annual Return Objective,real_estate,2100000,,12560000,9038,llc,,5000,Opportunistic,,First,58%,1500000,10000,Direct,Debt,Entitlement,,10.50%,506(B),47,1st_lien,12,Month(s),,none,5000,Realized,Sold,Senior Debt,"12,560,000", -   , -   , -   ,"12,560,000","2,100,000",100%,17%,14%,110%,Month,"2,301,520.20","201,520.20","2,100,000.00", -   , -   ,,
88,Park City Townhomes Construction Loan,Condo,Senior Debt,Annual Return Objective,real_estate,500000,,4192000,9738,llc,,5000,Opportunistic,,First,62%,,5000,Direct,Debt,Entitlement,,9.0-9.5%,506(C),36,1st_lien,12-Mar,Month(s),,none,5000,Realized,Sold,Senior Debt,"4,192,000", -   , -   , -   ,"4,192,000","350,000",100%,,16%,106%,Month,"369,812.45","19,812.45","350,000.00", -   , -   ,,
89,"Philadelphia, PA - SOLO On Chestnut",Multifamily,Equity,Annual Return Objective,real_estate,1500000,,39762604,9738,llc,,5000,Value Add,,,,1500000,15000,Direct,Equity,Value Add,,,506(B),114,common,4,Year(s),,none,5000,Active,Lease-up,LP Equity,"28,250,000", -   ,"2,500,000","9,048,350","39,798,350","1,500,000",77%,100%,,0%,Quarter,"63,174.00","19,817.00", -   ,"43,357.00", -   ,63174,0.957884
90,Pittsburgh - Union on 5th Student Housing,Student Housing,Equity,Annual Return Objective,real_estate,2000000,,14779318,9738,llc,,5000,Value Add,,,,750000,10000,Direct,Equity,Value Add,,,506(B),107,preferred,5,Year(s),,none,5000,Active,Lease-up,LP Equity,"8,794,000", -   , -   ,"5,874,962","14,668,962","2,000,000",60%,100%,,0%,Quarter,"120,742.00", -   , -   ,"120,742.00", -   ,120742,0.939629
91,Preferred Equity - Boston Condo Development,Condo,Preferred Equity,Annual Return Objective,real_estate,3000000,8%,25254581,79,llc,1.35x,5000,Opportunistic,,,87%,1000000,20000,Direct,"Equity,Preferred Equity",Entitlement,,,506(B),75,preferred,2,Year(s),17%,none,5000,Active,Development,Preferred Equity,"18,250,000", -   ,"4,250,000","4,200,000","26,700,000","4,250,000",84%,84%,18%,0%,Month,"731,237.50","731,237.50", -   , -   , -   ,731237.5,0.827944118
92,Preferred Equity - Boston Condo Development Tranche II,Condo,Preferred Equity,Annual Return Objective,real_estate,1250000,7%,26350000,79,llc,,5000,Opportunistic,,,84%,300000,10000,Direct,"Equity,Preferred Equity",Entitlement,,,506(B),75,preferred,18,Month(s),16%,none,5000,,,,,,,,,,,,,,,,,,,,,
93,Preferred Equity - Brooklyn Designer Luxury Condo,Condo,Preferred Equity,Annual Return Objective,real_estate,1950000,14%,34241000,79,llc,,5000,Opportunistic,,,78%,1000000,15000,Direct,"Equity,Preferred Equity",Entitlement,,,506(B),92,preferred,4,Month(s),14%,none,5000,Realized,Sold,Preferred Equity,"24,850,000", -   ,"4,475,000","7,540,000","36,865,000","4,475,000",80%,80%,18%,117%,Month,"318,192.78","318,192.78", -   , -   , -   ,,
94,Preferred Equity - Cash-Flowing Chicago Area Office,Office,Preferred Equity,Annual Return Objective,real_estate,3900000,13%,33000000,9038,llc,1.36x,5000,Core-Plus,,,83%,,20000,Direct,"Equity,Preferred Equity",Entitlement,,,506(B),72,preferred,3,Year(s),13%,none,5000,Active,Stabilized,Preferred Equity,"22,597,000", -   ,"5,000,000","5,673,000","33,270,000","5,000,000",83%,83%,14%,0%,Month,"2,774,620.56","1,669,620.56","1,105,000.00", -   , -   ,2774620.558,0.445075888
95,Preferred Equity - Cash-Flowing Chicago Area Office (Tranche II),Office,Preferred Equity,Annual Return Objective,real_estate,1100000,12.50%,33000000,9038,llc,1.30x,5000,Core-Plus,,,83%,500000,5000,Direct,"Equity,Preferred Equity",Entitlement,,,506(B),72,preferred,32,Month(s),12.50%,none,5000,,,,,,,,,,,,,,,,,,,,,
96,Preferred Equity - Cash-Flowing Houston Multifamily,Multifamily,Preferred Equity,Annual Return Objective,real_estate,2200000,10%,13746203,9038,llc,1.45x,5000,Value Add,,,,600000,15000,Direct,Preferred Equity,Entitlement,,,506(C),64,preferred,3,Year(s),15%,none,5000,Active,Renovation,Preferred Equity,"9,200,000", -   ,"2,200,000","2,346,203","13,746,203","2,200,000",83%,83%,16%,0%,Month,"217,597.22","217,597.22", -   , -   , -   ,217597.2222,0.901092172
97,Preferred Equity - Cash-Flowing Hyatt Place Hotel,Hotel,Preferred Equity,Annual Return Objective,real_estate,2500000,8%,18270330,9038,individual,,5000,Value Add,,,83%,500000,10000,Direct,"Equity,Preferred Equity",Entitlement,,,none,74,preferred,3,Year(s),14%,none,5000,Active,Lease-up,Preferred Equity,"12,740,000", -   ,"2,500,000","3,407,830","18,647,830","2,500,000",82%,83%,14%,0%,Month,"207,945.00","207,945.00", -   , -   , -   ,207945,0.916822
98,Preferred Equity - Chicago Metro Office,Office,Preferred Equity,Annual Return Objective,real_estate,3775000,9%,25900000,9038,llc,,5000,Core-Plus,,,78%,1000000,25000,Direct,Preferred Equity,Entitlement,,,506(B),72,preferred,24,Month(s),14%,none,5000,Active,Lease-up,Preferred Equity,"13,843,575", -   ,"6,825,000","200,000","20,868,575","3,775,000",99%,69%,15%,0%,Quarter,"2,839,454.20","418,400.92","2,421,053.28", -   , -   ,2839454.2,0.247826702
99,Preferred Equity - Delray Beach Luxury Townhome Development,Townhomes,Preferred Equity,Annual Return Objective,real_estate,1750000,9%,16415840,9038,llc,,5000,Opportunistic,,,85%,1000000,10000,Direct,"Equity,Preferred Equity",Entitlement,,,506(B),83,preferred,20,Month(s),9%,none,5000,Realized,Sold,Preferred Equity,"12,114,726", -   ,"1,750,000","2,551,114","16,415,840","1,750,000",84%,84%,20%,135%,Month,"291,666.67","291,666.67", -   , -   , -   ,,
100,Preferred Equity - Grand Rapids Manufactured Housing,Manufactured Housing Community,Preferred Equity,Annual Return Objective,real_estate,1050000,10%,1327500,9038,llc,1.26x,5000,Opportunistic,13%,,,1050000,10000,Direct,"Equity,Preferred Equity",Entitlement,10%,,506(C),66,preferred,2,Year(s),13%,none,5000,Realized,Sold,Preferred Equity, -   , -   ,"1,050,000","277,500","1,327,500","1,050,000",79%,79%,15%,128%,Quarter,"1,345,954.14", -   , -   ,"295,954.14","1,050,000.00",,
101,Preferred Equity - Indianapolis Retail Plaza,Retail,Preferred Equity,Annual Return Objective,real_estate,1400000,11%,7740000,9738,llc,,5000,Value Add,,,82%,1400000,10000,Direct,Preferred Equity,Entitlement,,,506(B),98,preferred,36,Month(s),11%,none,5000,Realized,Sold,Preferred Equity,"4,940,000", -   ,"1,400,000","1,467,426","7,807,426","1,400,000",81%,81%,13%,109%,Month,"1,520,823.13","120,823.13","1,400,000.00", -   , -   ,,
102,Preferred Equity - Miami Metro Industrial,Industrial,Preferred Equity,Annual Return Objective,real_estate,1250000,9%,6029852,79,llc,,5000,Value Add,,,90%,1000000,10000,Direct,Preferred Equity,Entitlement,,,506(B),77,preferred,18,Month(s),14%,none,5000,Realized,Sold,Preferred Equity,"4,275,000", -   ,"1,150,000","604,852","6,029,852","1,150,000",90%,71%,16%,118%,Month, -   , -   , -   , -   , -   ,,
103,Preferred Equity - Newly Completed Brooklyn Condo,Condo,Preferred Equity,Annual Return Objective,real_estate,1770000,14%,16136283,79,llc,,5000,Opportunistic,,,71%,1000000,15000,Direct,"Equity,Preferred Equity",Entitlement,,,506(B),92,preferred,9,Month(s),14%,none,5000,Active,Sale,Preferred Equity,"950,000", -   ,"1,770,000","4,666,283","7,386,283","950,000",37%,37%,16%,0%,Month,"380,462.35","380,462.35", -   , -   , -   ,380462.3536,0.599513312
104,Preferred Equity - NYC Metro Single-Tenant Industrial,Industrial,Preferred Equity,Annual Return Objective,real_estate,1775000,8%,6529285,9038,llc,,5000,Value Add,,,90%,1000000,10000,Direct,"Equity,Preferred Equity",Entitlement,,,506(B),86,preferred,3,Year(s),13%,none,5000,Realized,Sold,Preferred Equity,"4,125,000", -   ,"1,775,000","566,250","6,466,250","1,775,000",91%,91%,15%,120%,Month,"2,129,112.49","354,112.49","1,775,000.00", -   , -   ,,
105,Preferred Equity - Ole Miss Student Housing,Student Housing,Preferred Equity,Annual Return Objective,real_estate,930000,7%,5922684,9038,llc,1.28x,5000,Value Add,,,,930000,10000,Direct,Preferred Equity,Entitlement,,,506(C),53,preferred,2,Year(s),14%,none,5000,Active,Lease-up,Preferred Equity,"4,032,000", -   ,"910,000","980,684","5,922,684","910,000",83%,84%,15%,0%,Quarter,"135,222.34","135,222.34", -   , -   , -   ,135222.34,0.851404022
106,Preferred Equity - Orlando Metro Triple-Net Addiction Treatment Facility,Health Care,Preferred Equity,Annual Return Objective,real_estate,1170000,12%,4741371,9738,individual,,5000,Value Add,,,88%,1000000,10000,Direct,"Equity,Preferred Equity",Entitlement,,,506(B),91,preferred,24,Month(s),12%,none,5000,Active,Stabilized,Preferred Equity,"3,000,000", -   ,"1,170,000","604,397","4,774,397","1,170,000",87%,88%,13%,0%,Month,"205,757.50","205,757.50", -   , -   , -   ,205757.5,0.824138889
107,Preferred Equity - South Florida Triple-Net Industrial Property,Industrial,Preferred Equity,Annual Return Objective,real_estate,1300000,9%,4419650,79,llc,,5000,Opportunistic,,,90%,1000000,10000,Direct,Preferred Equity,Entitlement,,,none,77,preferred,15,Month(s),14%,none,5000,Realized,Sold,Preferred Equity,"2,665,000", -   ,"1,300,000","454,650","4,419,650","1,300,000",90%,60%,16%,125%,Quarter,"1,604,890.33","304,890.33","1,300,000.00", -   , -   ,,
108,Preferred Equity - Tampa Bay Senior Living Facility,Senior Housing,Preferred Equity,Annual Return Objective,real_estate,2500000,12%,18900000,79,llc,,5000,Value Add,,,66%,1400000,20000,Direct,"Equity,Preferred Equity",Value Add,,,506(B),100,preferred,29,Month(s),12%,none,5000,Active,Stabilized,Preferred Equity,"8,500,000","4,159,882","3,000,000","3,617,000","19,276,882","2,500,000",81%,81%,12%,0%,Month,"394,739.58","394,739.58", -   , -   , -   ,394739.5838,0.842104166
109,"Preferred Equity - Washington, D.C. Condo Redevelopment",Condo,Preferred Equity,Annual Return Objective,real_estate,1600000,8%,1902804,79,llc,1.12x,5000,Opportunistic,,,84%,1600000,10000,Direct,"Equity,Preferred Equity",Entitlement,,,506(B),70,preferred,9,Month(s),16%,none,5000,Realized,Sold,Preferred Equity, -   , -   ,"1,600,000","302,804","1,902,804","1,600,000",84%,84%,11%,116%,Month,"1,860,548.60","232,511.91","1,628,036.69", -   , -   ,,
110,Preferred Equity - West Hollywood Townhomes Development,Townhomes,Preferred Equity,Annual Return Objective,real_estate,690000,10%,5013425,10529,llc,1.4x,5000,Opportunistic,,,,10000,10000,Direct,Preferred Equity,Entitlement,,,506(C),67,preferred,24,Month(s),17%,none,5000,Realized,Sold,Preferred Equity,"2,894,388", -   ,"690,000","1,429,038","5,013,425","690,000",71%,71%,22%,119%,Month,"822,598.99","132,598.99","690,000.00", -   , -   ,,
111,Preferred Equity - Williamsburg Mixed-Use Office & Retail,Mixed Use,Preferred Equity,Annual Return Objective,real_estate,2000000,10.50%,25520413,9738,llc,,5000,Value Add,,,65%,1000000,10000,Direct,"Equity,Preferred Equity",Entitlement,,,506(B),82,preferred,24,Month(s),10.50%,none,5000,Active,Lease-up,Preferred Equity,"14,685,000", -   ,"2,000,000","8,845,413","25,530,413","2,000,000",65%,65%,12%,0%,Month,"255,297.70","255,297.70", -   , -   , -   ,255297.6989,0.872351151
112,Pre-IPO Triple Net Lease REIT,Multi-Asset,Equity,Annual Return Objective,real_estate,5000000,,5000000,79,individual,,5000,Core,,,,5000000,15000,Fund,Equity,Stabilized,,,none,161,preferred,24,Month(s),,none,5000,,,,,,,,,,,,,,,,,,,,,
113,Richmond Multifamily & Student Housing,Multifamily,Equity,Annual Return Objective,real_estate,335000,,12046366,9038,llc,3.2-4.0x,5000,Value Add,19-24%,,,500000,10000,Direct,Equity,,8-10%,,506(C),57,common,7,Year(s),,none,5000,Active,Stabilized,LP Equity,"10,850,000", -   , -   ,"1,196,366","12,046,366","195,000",90%,100%,,0%,Quarter,"32,191.24", -   , -   ,"32,191.24", -   ,32191.24,0.834916718
114,"San Antonio, TX - Collection At Overlook",Multifamily,Equity,Annual Return Objective,real_estate,1250000,,37804367,9738,individual,,5000,Value Add,,,,,,Direct,Equity,Value Add,,,506(B),118,common,5,Year(s),,none,5000,Active,Renovation,LP Equity,"24,375,000", -   ,"4,014,000","9,465,383","37,854,383","1,250,000",75%,100%,,0%,Quarter, -   , -   , -   , -   , -   ,0,1
115,San Francisco Pre-Development Bridge Loan,Land,Senior Debt,Annual Return Objective,real_estate,500000,,3400000,10529,llc,1.1x,1000,Value Add,9%,First,64%,500000,5000,Direct,Debt,Entitlement,9%,9%,506(C),26,1st_lien,5,Month(s),,none,1000,Realized,Sold,Senior Debt,"3,400,000", -   , -   ,"1,900,000","5,300,000","131,000",64%,2%,11%,103%,Month,"135,564.45","4,564.45","131,000.00", -   , -   ,,
116,Santa Monica Luxury Condo Development,Condo,Equity,Annual Return Objective,real_estate,750000,,9184000,79,llc,1.6-1.8x,5000,Opportunistic,26-40%,,,750000,10000,Direct,Equity,Entitlement,,,506(C),30,common,24,Month(s),,none,5000,Active,Stabilized,LP Equity,"6,250,000", -   ,"4,271,915","1,540,000","12,061,915","750,000",87%,100%,0%,0%,Quarter, -   , -   , -   , -   , -   ,0,1
117,"Schaumburg, IL - Carmax Triple-Net DST",Retail,Equity,Annual Return Objective,real_estate,5000000,,36882000,,llc,,1000,Core,,,44%,5000000,200000,Tax-Deferred,"Equity,1031",Stabilized,,,506(B),122,common,8,Year(s),,exchange_1031,1000,,,,,,,,,,,,,,,,,,,,,
118,Seattle Luxury Townhomes Development,Townhomes,Equity,Annual Return Objective,real_estate,400000,,3978504,9738,llc,1.4-1.5x,5000,Opportunistic,20-24%,,,400000,5000,Direct,Equity,Entitlement,,,506(C),51,common,21-24,Month(s),,none,5000,Active,Sale,LP Equity,"3,325,000", -   , -   ,"653,504","3,978,504","400,000",84%,100%,,0%,Quarter,"473,866.67", -   , -   ,"73,866.67","400,000.00",473866.67,0
119,South Florida - Self Storage Portfolio,Self-Storage,Preferred Equity,Annual Return Objective,real_estate,920000,9%,3134228,79,llc,,5000,Core-Plus,,,90%,1000000,10000,Direct,Preferred Equity,Stabilized,,,506(B),77,preferred,24,Month(s),14%,none,5000,Realized,Sold,Preferred Equity,"1,901,250", -   ,"920,000","312,978","3,134,228","920,000",90%,89%,18%,114%,Quarter,"1,039,600.11","119,600.11","920,000.00", -   , -   ,,
120,Starcity Co-Living San Francisco Redevelopment,Multifamily,Equity,Annual Return Objective,real_estate,1815000,,4265405,9038,individual,1.55x,5000,Opportunistic,17%,,,1655000,10000,Direct,Equity,Entitlement,10%,,506(B),71,common,3,Year(s),,none,5000,Active,Sale/Lease-up,LP Equity,"2,403,700", -   , -   ,"2,037,203","4,440,903","1,815,000",54%,100%,,0%,Quarter,"421,951.80", -   , -   ,"421,951.80", -   ,421951.7953,0.767519672
121,Starwood Real Estate Income Trust (SREIT),Multi-Asset,Equity,Annual Return Objective,real_estate,10000000,,5000000000,9738,llc,,500,Core,,,,5000000,5000,Fund,Equity,Stabilized,,,none,111,preferred,,Month(s),,none,21.4004,Active,Development,LP Equity, -   , -   , -   , -   , -   ,"702,500",not upload,,,0%,Month, -   , -   , -   , -   , -   ,0,1
122,"St. George, UT - Boulder Creek Predevelopment Loan",Land,Senior Debt,Annual Return Objective,real_estate,2300000,,10750000,9738,llc,,5000,Opportunistic,,Senior,83%,1000000,10000,Direct,Debt,Development,,10.50%,506(B),47,1st_lien,12,Month(s),,none,5000,Active,Development,Senior Debt,"10,750,000", -   , -   , -   ,"10,750,000","2,300,000",100%,90%,12%,0%,Month,"1,435,474.44","270,449.44","1,165,025.00", -   , -   ,1435474.44,0.375880678
123,"Tidal Wave Car Wash - Foley, AL",Car Wash,Preferred Equity,Annual Return Objective,real_estate,1800000,10%,6130332,79,individual,,5000,Opportunistic,,,81%,1800000,15000,Direct,Preferred Equity,Development,,,none,81,preferred,36,Month(s),14%,none,5000,,,,,,,,,,,,,,,,,,,,,
124,"Tidal Wave Car Wash - Foley, AL (B)",Car Wash,Preferred Equity,Annual Return Objective,real_estate,1398932,10%,6130332,79,individual,,1,Opportunistic,,,81%,1800000,15000,Direct,Preferred Equity,Development,,,none,81,preferred,36,Month(s),14%,none,1,Active,Development,Preferred Equity,"3,131,925", -   ,"2,783,000","246,582","6,161,507","983,000",96%,67%,15%,0%,Month,"54,064.32","54,064.32", -   , -   , -   ,54064.31989,0.945000692
125,"Tidal Wave Car Wash - Ocala, FL",Car Wash,Preferred Equity,Annual Return Objective,real_estate,1400000,10%,6963258,79,individual,,5000,Opportunistic,,,81%,750000,10000,Direct,Preferred Equity,Development,,,none,81,preferred,36,Month(s),14%,none,5000,,,,,,,,,,,,,,,,,,,,,
126,"Tidal Wave Car Wash - Pace, FL",Car Wash,Preferred Equity,Annual Return Objective,real_estate,1450000,10%,5192520,79,llc,,5000,Opportunistic,,,80%,1000000,10000,Direct,"Equity,Preferred Equity",Entitlement,,,506(B),81,preferred,36,Month(s),13.50%,none,5000,Active,Stabilized,Preferred Equity,"2,732,136", -   ,"2,000,000","460,384","5,192,520","1,450,000",91%,53%,,0%,Quarter, -   , -   , -   , -   , -   ,0,1
127,"Tidal Wave Car Wash - Pace, FL",Car Wash,Preferred Equity,Annual Return Objective,real_estate,1825000,10%,5995955,79,llc,,5000,Opportunistic,,,83%,1000000,10000,Direct,"Equity,Preferred Equity",Entitlement,,,506(B),81,preferred,36,Month(s),13.50%,none,5000,Active,Stabilized,Preferred Equity,"2,732,136", -   ,"2,000,000","460,384","5,192,520","1,450,000",91%,53%,,0%,Quarter, -   , -   , -   , -   , -   ,0,1
128,"Tidal Wave Car Wash - Roswell, GA",Car Wash,Preferred Equity,Annual Return Objective,real_estate,1810000,10%,6004552,79,llc,,5000,Opportunistic,,,83%,1000000,20000,Direct,"Equity,Preferred Equity",Entitlement,,,506(B),81,preferred,36,Month(s),13.50%,none,5000,Active,Stabilized,Preferred Equity,"3,150,979", -   ,"2,360,000","493,573","6,004,552","1,810,000",92%,83%,15%,0%,Month,"282,872.02","282,872.02", -   , -   , -   ,282872.0238,0.843717114
129,"Tidal Wave Car Wash - Roswell, GA (B)",Car Wash,Preferred Equity,Annual Return Objective,real_estate,550000,10%,6004552,79,llc,,5000,Opportunistic,,,83%,1000000,20000,Direct,"Equity,Preferred Equity",Entitlement,,,506(B),81,preferred,36,Month(s),13.50%,none,5000,Active,Stabilized,Preferred Equity,"3,150,979", -   ,"2,360,000","493,573","6,004,552","550,000",92%,92%,15%,0%,Month,"93,270.83","93,270.83", -   , -   , -   ,93270.83114,0.830416671
130,"Tidal Wave Car Wash - Tampa Bay, FL (Lutz)",Car Wash,Preferred Equity,Annual Return Objective,real_estate,897000,10%,6181796,79,llc,,1000,Opportunistic,,,82%,1000000,10000,Direct,Preferred Equity,Development,,,506(B),81,preferred,39,Month(s),14%,none,1000,Active,Development,Preferred Equity,"3,838,960", -   ,"1,848,292","494,544","6,181,796","1,250,000",92%,82%,15%,0%,Month,"405,179.28","109,179.28","296,000.00", -   , -   ,405179.2778,0.675856578
131,"Tidal Wave Car Wash - Tampa Bay, FL (Lutz)",Car Wash,Preferred Equity,Annual Return Objective,real_estate,1250000,10%,6181796,79,llc,,5000,Opportunistic,,,82%,1000000,10000,Direct,Preferred Equity,Development,,,506(B),81,preferred,39,Month(s),14%,none,5000,Active,Development,Preferred Equity,"3,838,960", -   ,"1,848,292","494,544","6,181,796","1,250,000",92%,82%,15%,0%,Month,"405,179.28","109,179.28","296,000.00", -   , -   ,405179.2778,0.675856578
132,"Tidal Wave Car Wash - Tampa Bay, FL (Oldsmar)",Car Wash,Preferred Equity,Annual Return Objective,real_estate,2000000,10%,6698349,79,llc,,5000,Opportunistic,,,82%,1000000,15000,Direct,"Equity,Preferred Equity",Development,,,506(B),81,preferred,36,Month(s),14%,none,5000,Active,Development,Preferred Equity,"3,506,297", -   ,"2,655,000","537,052","6,698,349","2,000,000",92%,82%,15%,0%,Month,"237,801.11","237,801.11", -   , -   , -   ,237801.1078,0.881099446
133,"Tidal Wave Car Wash - Tampa Bay, FL (Oldsmar)",Car Wash,Preferred Equity,Annual Return Objective,real_estate,2000000,10%,6698349,79,llc,,5000,Opportunistic,,,82%,1000000,15000,Direct,"Equity,Preferred Equity",Development,,,506(B),81,preferred,36,Month(s),14%,none,5000,Active,Development,Preferred Equity,"3,506,297", -   ,"2,655,000","537,052","6,698,349","2,000,000",92%,82%,15%,0%,Month,"237,801.11","237,801.11", -   , -   , -   ,237801.1078,0.881099446
134,"Tidal Wave - Ocala, FL (B)",Car Wash,Preferred Equity,Annual Return Objective,real_estate,844000,,10000000,79,llc,,5000,Value Add,,,,,,Direct,Preferred Equity,Development,,,none,81,preferred,,Month(s),,none,5000,,,,,,,,,,,,,,,,,,,,,
135,Trevian Capital Debt Fund,Multi-Asset,Senior Debt,Annual Return Objective,real_estate,5000000,,100000000,9738,individual,,5000,Value Add,,First,65%,5000000,20000,Fund,Debt,Value Add,,6.5-10%,506(B),68,1st_lien,3,Year(s),,none,5000,,,,,,,,,,,,,,,,,,,,,
136,Triple-Net Rite Aid Senior Bridge Loan,Retail,Senior Debt,Annual Return Objective,real_estate,1350000,,2700000,79,llc,,5000,Opportunistic,,First,50%,500000,10000,Direct,Debt,Entitlement,,8.00%,506(B),76,1st_lien,12,Month(s),,none,5000,Realized,Sold,Senior Debt,"2,025,000", -   , -   ,"675,000","2,700,000","1,350,000",75%,50%,15%,122%,Month,"1,651,640.56","301,640.56","1,350,000.00", -   , -   ,,
137,Upper Manhattan Multifamily and Retail Portfolio,Mixed Use,Equity,Annual Return Objective,real_estate,500000,,189000000,9038,llc,1.9x,5000,Core,14%,,,1000000,10000,Direct,Equity,Entitlement,2-3%,,506(C),38,preferred,5,Year(s),,none,5000,Active,Stabilized,LP Equity,"110,325,000","25,000,000", -   ,"52,625,000","187,950,000","100,000",72%,100%,,0%,Quarter, -   , -   , -   , -   , -   ,0,1
138,Waterford Grove GP Multifamily,Multifamily,Equity,Annual Return Objective,real_estate,2000000,,79332567,79,llc,,5000,Value Add,,,,1900000,20000,Direct,Equity,Value Add,,,none,164,preferred,5,Year(s),,none,5000,,,,,,,,,,,,,,,,,,,,,
139,"Westgate Industrial Conversion - Macon, GA",Mixed Use,Equity,Annual Return Objective,real_estate,2000000,,8908303,,llc,,5000,Opportunistic,,,,500000,15000,Direct,Equity,Entitlement,,,506(B),95,common,3,Year(s),,none,5000,,,,,,,,,,,,,,,,,,,,,
140,West Hollywood Luxury Condo Conversion,Condo,Equity,Annual Return Objective,real_estate,1250000,,7050000,10529,llc,1.2-1.4x,5000,Value Add,17-29%,,,600000,10000,Direct,Equity,Entitlement,6-7%,,506(C),37,common,18,Month(s),,none,5000,Realized,Sold,LP Equity,"4,580,000", -   , -   ,"2,468,900","7,048,900","1,530,000",65%,100%,2%,106%,Quarter,"1,559,250.84", -   , -   ,"29,250.84","1,530,000.00",,
141,West Hollywood Multifamily Value Add,Multifamily,Equity,Stabilized Return on Cost,real_estate,1700000,,4561894,79,llc,1.3x,5000,Value Add,19%,,,1700000,10000,Direct,Equity,Entitlement,6%,,506(B),62,common,18,Month(s),,none,5000,Active,Stabilized,LP Equity,"2,307,500", -   , -   ,"2,254,394","4,561,894","1,700,000",51%,100%,,0%,Quarter, -   , -   , -   , -   , -   ,0,1