id,asset_type,offering_type,annual_return_label,capital_request,deal_size,em_asset_manager,entity_type,investment_increment,investment_strategy,maximum_investment_amount,minimum_investment_amount,offering_approach,offering_strategy,project_stage,restricted_to,subtype,term_period,type,unit_cost,Investment Status,Stage,Investment Type_x,SeniorDebt_x,Equity_x,TotalCapitalization_x,EMInvestment_x,Deal Leverage % @ Closing_x,EM Last $ Exposure @ Closing_x,Gross Return Multiple,eFront Dist Freq,Cluster
19 North Single Family Rental Development,Residential,Preferred Equity,Annual Return Objective,3000000,20319273,9038.0,llc,5000,Opportunistic,3000000.0,25000.0,Direct,Preferred Equity,Development,506(B),preferred,Month(s),none,5000.0,Unknown,Unknown,Unknown,18572209.252427183,9543789.509803921,28900843.990566038,1549351.851851852,0.7476415094339626,0.8415384615384612,0.32009259259259265,Unknown,0
"Albuquerque, NM - Netherwood Village",Multifamily,Preferred Equity,Annual Return Objective,2500000,19955000,9038.0,llc,5000,Value Add,1353731.343283582,16423.357664233576,Direct,Preferred Equity,Value Add,506(B),preferred,Month(s),none,5000.0,Unknown,Unknown,Unknown,18572209.252427183,9543789.509803921,28900843.990566038,1549351.851851852,0.7476415094339626,0.8415384615384612,0.32009259259259265,Unknown,0
Arbor Crest Value-Add Multifamily,Multifamily,Equity,Annual Return Objective,1100000,25018041,79.0,llc,5000,Value Add,500000.0,15000.0,Direct,Equity,Entitlement,506(B),common,Year(s),none,5000.0,Active,Renovation,LP Equity,17000000.0,8018041.0,25018041.0,1055000.0,0.68,1.0,0.0,Month,1
Atlanta Medical Office Portfolio,Office,Preferred Equity,Annual Return Objective,1600000,9655000,79.0,individual,5000,Value Add,1500000.0,15000.0,Direct,Preferred Equity,Value Add,none,preferred,Month(s),none,5000.0,Unknown,Unknown,Unknown,18572209.252427183,9543789.509803921,28900843.990566038,1549351.851851852,0.7476415094339626,0.8415384615384612,0.32009259259259265,Unknown,0
Atlanta Mixed Use Office & Hotel,Mixed Use,Equity,Annual Return Objective,3000000,79744934,9738.0,llc,5000,Opportunistic,2000000.0,50000.0,Tax-Deferred,"Equity,Opportunity Zone",Development,506(B),common,Year(s),opportunity_zone,5000.0,Active,Development,LP Equity,63648003.0,35000000.0,98648003.0,1993800.0,0.65,1.0,0.0,Quarter,1
Boston Area Triple-Net Dispensary,Retail,Preferred Equity,Annual Return Objective,1350000,2191000,79.0,individual,5000,Opportunistic,750000.0,10000.0,Direct,Preferred Equity,Value Add,none,preferred,Month(s),none,5000.0,Unknown,Unknown,Unknown,18572209.252427183,9543789.509803921,28900843.990566038,1549351.851851852,0.7476415094339626,0.8415384615384612,0.32009259259259265,Unknown,0
Boston Metro - Assisted Living Facility,Senior Housing,Senior Debt,Annual Return Objective,1500000,12450000,79.0,individual,5000,Opportunistic,1000000.0,10000.0,Direct,Debt,Value Add,none,1st_lien,Month(s),none,5000.0,Unknown,Unknown,Unknown,18572209.252427183,9543789.509803921,28900843.990566038,1549351.851851852,0.7476415094339626,0.8415384615384612,0.32009259259259265,Unknown,0
Boston Metro Assisted Living Facility Senior Loan,Senior Housing,Senior Debt,Annual Return Objective,1500000,11050000,79.0,individual,5000,Value Add,100000.0,10000.0,Direct,Debt,Entitlement,none,1st_lien,Month(s),none,5000.0,Active,Lease-up,Senior Debt,6800000.0,1000000.0,11050000.0,1500000.0,0.62,0.48,0.0,Month,3
Boston Mixed-Use Acquisition Loan,Mixed Use,Senior Debt,Annual Return Objective,850000,19640000,9738.0,llc,5000,Value Add,1353731.343283582,10000.0,Direct,Debt,Entitlement,506(C),1st_lien,Month(s),none,5000.0,Realized,Sold,Senior Debt,21706000.0,1200000.0,22906000.0,830000.0,0.95,0.04,1.1,Month,3
Brooklyn Designer Luxury Condo (Extension Funding),Condo,Preferred Equity,Annual Return Objective,1020000,36825000,79.0,llc,5000,Opportunistic,1000000.0,10000.0,Direct,Preferred Equity,Development,506(B),preferred,Month(s),none,5000.0,Unknown,Unknown,Unknown,18572209.252427183,9543789.509803921,28900843.990566038,1549351.851851852,0.7476415094339626,0.8415384615384612,0.32009259259259265,Unknown,0
Brooklyn Designer Luxury Condo (Follow-On),Condo,Preferred Equity,Annual Return Objective,1450000,35805000,79.0,llc,5000,Opportunistic,1000000.0,10000.0,Direct,Preferred Equity,Development,506(B),preferred,Month(s),none,5000.0,Unknown,Unknown,Unknown,18572209.252427183,9543789.509803921,28900843.990566038,1549351.851851852,0.7476415094339626,0.8415384615384612,0.32009259259259265,Unknown,0
Brooklyn Redevelopment,Mixed Use,Equity,Annual Return Objective,750000,7100000,10529.0,llc,5000,Value Add,500000.0,10000.0,Direct,Equity,Entitlement,506(C),common,Year(s),none,5000.0,Active,Stabilized,LP Equity,5800000.0,4003010.0,11912668.0,553400.0,0.66,1.0,0.0,Quarter,1
Cash-Flowing Baltimore-Washington Office Park,Office,Equity,Annual Return Objective,700000,51742438,9738.0,llc,5000,Core-Plus,500000.0,5000.0,Direct,Equity,Unknown,506(B),common,Year(s),none,5000.0,Active,Stabilized,LP Equity,36575000.0,15890000.0,52465000.0,700000.0,0.7,1.0,0.0,Quarter,1
Cash-Flowing Connecticut Luxury Apartments,Multifamily,Equity,Annual Return Objective,700000,78653546,9738.0,llc,5000,Value Add,400000.0,10000.0,Direct,Equity,Entitlement,506(C),common,Year(s),none,5000.0,Active,Stabilized,LP Equity,57886000.0,20788996.0,78674996.0,715000.0,0.74,1.0,0.0,Quarter,1
Cash-Flowing Connecticut Multifamily ,Multifamily,Equity,Annual Return Objective,300000,14668750,9038.0,llc,5000,Value Add,500000.0,10000.0,Direct,Equity,Entitlement,506(C),common,Year(s),none,5000.0,Unknown,Unknown,Unknown,18572209.252427183,9543789.509803921,28900843.990566038,1549351.851851852,0.7476415094339626,0.8415384615384612,0.32009259259259265,Unknown,0
Cash-Flowing Fairfield Inn & Suites Hotel,Hotel,Equity,Annual Return Objective,2000000,14724573,9038.0,llc,5000,Value Add,1000000.0,15000.0,Direct,Equity,Entitlement,506(B),common,Year(s),none,5000.0,Active,Lease-up,LP Equity,10879973.0,3844600.0,14724573.0,2000000.0,0.74,1.0,0.0,Month,1
Cash-Flowing Jacksonville Multifamily,Multifamily,Equity,Annual Return Objective,1300000,13746347,79.0,llc,5000,Core-Plus,500000.0,10000.0,Direct,Equity,Entitlement,506(B),common,Year(s),none,5000.0,Active,Stabilized,LP Equity,8985000.0,4761347.0,13746347.0,1300000.0,0.65,1.0,0.0,Quarter,1
Cash-Flowing Manhattan Multifamily,Multifamily,Equity,Annual Return Objective,250000,11570000,9038.0,llc,5000,Value Add,500000.0,10000.0,Direct,Equity,Entitlement,506(C),common,Year(s),none,5000.0,Active,Stabilized,LP Equity,7150000.0,4420000.0,11570000.0,115000.0,0.62,1.0,0.0,Quarter,1
Cash-Flowing Memphis Office and Multifamily,Mixed Use,Equity,Annual Return Objective,400000,6420000,9038.0,llc,5000,Core,400000.0,10000.0,Direct,Equity,Entitlement,506(C),preferred,Year(s),none,5000.0,Active,Lease-up,LP Equity,4900000.0,1589500.0,6489500.0,375000.0,0.76,1.0,0.0,Month,1
Cash-Flowing Midwest Multifamily Portfolio,Multifamily,Equity,Annual Return Objective,750000,39570498,79.0,llc,5000,Value Add,750000.0,10000.0,Direct,Equity,Entitlement,506(B),common,Year(s),none,5000.0,Active,Stabilized,LP Equity,21900000.0,8882105.0,30782105.0,450000.0,0.71,1.0,0.0,Quarter,1
Cash-Flowing New Jersey Multifamily,Multifamily,Preferred Equity,Annual Return Objective,500000,1797830,9738.0,llc,5000,Value Add,500000.0,10000.0,Direct,Preferred Equity,Entitlement,506(C),preferred,Year(s),none,5000.0,Realized,Sold,Preferred Equity,1207500.0,185330.0,1797830.0,405000.0,0.9,0.9,1.18,Quarter,2
Cash-Flowing New Jersey Self Storage,Self-Storage,Equity,Annual Return Objective,1000000,14300000,9038.0,llc,5000,Value Add,1000000.0,10000.0,Direct,Equity,Entitlement,506(C),common,Year(s),none,5000.0,Active,Lease-up,LP Equity,7944314.0,6869099.0,14813413.0,1000000.0,0.54,1.0,0.0,Quarter,1
Cash-Flowing Seattle Area Office Portfolio,Office,Equity,Annual Return Objective,1500000,46735704,79.0,llc,5000,Value Add,1000000.0,10000.0,Direct,Equity,Unknown,506(B),common,Year(s),none,5000.0,Active,Sale,LP Equity,32700000.0,14035704.0,46735704.0,1500000.0,0.7,1.0,0.0,Quarter,1
Cash-Flowing Sheraton Hotel,Hotel,Equity,Annual Return Objective,2000000,25070000,9038.0,llc,5000,Core,500000.0,15000.0,Direct,Equity,Entitlement,506(B),common,Year(s),none,5000.0,Active,Lease-up,LP Equity,16000000.0,9070000.0,25070000.0,2000000.0,0.64,1.0,0.0,Quarter,1
Cash-Flowing Stamford Luxury Apartment Complex,Multifamily,Equity,Annual Return Objective,150000,35521614,9738.0,llc,5000,Value Add,150000.0,10000.0,Direct,Equity,Entitlement,506(C),preferred,Year(s),none,5000.0,Active,Stabilized,LP Equity,25357000.0,9883310.0,35240310.0,150000.0,0.72,1.0,0.0,Quarter,1
Cash Flowing Tampa Bay Industrial Park,Industrial,Equity,Annual Return Objective,350000,12900000,9038.0,llc,1000,Value Add,350000.0,5000.0,Direct,Equity,Entitlement,506(C),common,Year(s),none,1000.0,Realized,Sold,LP Equity,8660000.0,4150000.0,12910000.0,57000.0,0.68,1.0,1.75,Month,1
Cash-Flowing Texas A&M Student Housing,Student Housing,Equity,Annual Return Objective,500000,3811163,9038.0,llc,5000,Core,500000.0,10000.0,Direct,Equity,Entitlement,506(C),common,Year(s),none,5000.0,Active,Stabilized,LP Equity,1964600.0,1062824.0,3842824.0,500000.0,0.51,1.0,0.0,Quarter,1
Cash Flowing Texas Multifamily Portfolio,Multifamily,Equity,Annual Return Objective,530000,11000000,10529.0,llc,1000,Core,1000000.0,10000.0,Direct,Equity,Entitlement,506(C),common,Year(s),none,1000.0,Active,Lease-up,LP Equity,7305728.0,3695990.0,11001717.0,1010000.0,0.66,1.0,0.56,Quarter,1
Cash Flowing Texas Multifamily Portfolio (Allocation II),Multifamily,Equity,Annual Return Objective,500000,11000000,10529.0,llc,5000,Core,300000.0,10000.0,Direct,Equity,Entitlement,506(C),preferred,Year(s),none,5000.0,Unknown,Unknown,Unknown,18572209.252427183,9543789.509803921,28900843.990566038,1549351.851851852,0.7476415094339626,0.8415384615384612,0.32009259259259265,Unknown,0
Cash-Flowing TWU Student Housing,Student Housing,Equity,Annual Return Objective,750000,13637481,9038.0,llc,5000,Value Add,1000000.0,10000.0,Direct,Equity,Entitlement,506(C),common,Year(s),none,5000.0,Active,Stabilized,LP Equity,9825000.0,3812481.0,13637481.0,750000.0,0.72,1.0,0.0,Quarter,1
"Cash-Flowing Washington, D.C. Area Office",Office,Equity,Annual Return Objective,2000000,32951426,79.0,llc,5000,Value Add,500000.0,10000.0,Direct,Equity,Entitlement,506(B),common,Year(s),none,5000.0,Active,Lease-up,LP Equity,21511750.0,11439676.0,32951426.0,1890000.0,0.65,1.0,0.0,Quarter,1
Charleston Retail and Student Housing Portfolio,Mixed Use,Equity,Annual Return Objective,500000,16700000,10529.0,llc,5000,Value Add,500000.0,5000.0,Direct,Equity,Entitlement,506(C),common,Year(s),none,5000.0,Active,Lease-up,LP Equity,12930000.0,5653718.0,18583718.0,500000.0,0.7,1.0,0.0,Quarter,1
Chicago Area Office and Data Center Loan,Office,Senior Debt,Annual Return Objective,3000000,16900000,9038.0,llc,5000,Value Add,1000000.0,10000.0,Direct,Debt,Entitlement,506(B),1st_lien,Month(s),none,5000.0,Active,Lease-up,LP Equity,18572209.252427183,32183806.0,32183806.0,3050000.0,0.0,0.65,0.0,Month,3
Chicago Metro Office (Equity Participation),Office,Equity,Annual Return Objective,1040000,28100000,9038.0,llc,5000,Core-Plus,1000000.0,10000.0,Direct,Equity,Entitlement,506(B),common,Month(s),none,5000.0,Active,Lease-up,LP Equity,16897872.0,4716504.0,25747872.0,1040000.0,0.82,1.0,0.0,Quarter,1
Chicago - Multifamily Portfolio,Multifamily,Preferred Equity,Annual Return Objective,3575000,27696800,9038.0,llc,5000,Core-Plus,1000000.0,20000.0,Direct,Preferred Equity,Stabilized,506(B),preferred,Month(s),none,5000.0,Realized,Sold,Preferred Equity,18500000.0,5737000.0,27737000.0,3500000.0,0.79,0.8415384615384612,1.01,Month,2
Chicago - Multifamily Property,Multifamily,Preferred Equity,Annual Return Objective,2000000,12437880,9038.0,llc,5000,Core-Plus,1000000.0,20000.0,Direct,Preferred Equity,Stabilized,506(B),preferred,Month(s),none,5000.0,Active,Stabilized,Preferred Equity,6888100.0,4104028.0,12992128.0,2000000.0,0.68,0.68,0.0,Month,2
Chronos Stabilized Multifamily Fund,Multifamily,Equity,Annual Return Objective,3000000,165113000,79.0,llc,5000,Value Add,2000000.0,25000.0,Fund,Equity,Value Add,none,common,Year(s),none,5000.0,Unknown,Unknown,Unknown,18572209.252427183,9543789.509803921,28900843.990566038,1549351.851851852,0.7476415094339626,0.8415384615384612,0.32009259259259265,Unknown,0
Class A Medical Office,Medical Office,Equity,Annual Return Objective,1500000,14620591,79.0,individual,5000,Core-Plus,1250000.0,15000.0,Direct,Equity,Stabilized,none,preferred,Month(s),none,5000.0,Unknown,Unknown,Unknown,18572209.252427183,9543789.509803921,28900843.990566038,1549351.851851852,0.7476415094339626,0.8415384615384612,0.32009259259259265,Unknown,0
Colony Hills Multifamily GP Fund,Multifamily,Equity,Annual Return Objective,3000000,10000000,9738.0,llc,5000,Value Add,300000.0,25000.0,Fund,Equity,Value Add,506(B),preferred,Year(s),none,5000.0,Unknown,Unknown,Unknown,18572209.252427183,9543789.509803921,28900843.990566038,1549351.851851852,0.7476415094339626,0.8415384615384612,0.32009259259259265,Unknown,0
"Columbus, OH - Courtyard by Marriott Hotel Loan",Hotel,Senior Debt,Annual Return Objective,2000000,14405000,9038.0,individual,5000,Value Add,1000000.0,10000.0,Direct,Debt,Value Add,none,1st_lien,Month(s),none,5000.0,Active,Lease-up,Senior Debt,9500000.0,4105000.0,14405000.0,2000000.0,0.66,0.66,0.0,Month,3
Crossings at Elver Park,Multifamily,Equity,Annual Return Objective,2500000,9738110,9738.0,llc,5000,Value Add,1353731.343283582,16423.357664233576,Direct,Equity,Value Add,506(B),preferred,Month(s),none,5000.0,Unknown,Unknown,Unknown,18572209.252427183,9543789.509803921,28900843.990566038,1549351.851851852,0.7476415094339626,0.8415384615384612,0.32009259259259265,Unknown,0
Distressed Opportunity Fund,Multi-Asset,Debt + Equity,Annual Return Objective,5000000,7500000000,9738.0,llc,5000,Value Add,5000000.0,50000.0,Fund,Equity,Value Add,506(B),1st_lien,Year(s),none,5000.0,Active,Development,LP Equity,18572209.252427183,9543789.509803921,28900843.990566038,1880000.0,0.7476415094339626,0.8415384615384612,0.0,Quarter,0
Downtown Brooklyn Residential Loan,Condo,Mezzanine Debt,Annual Return Objective,7000000,97974277,9038.0,individual,5000,Opportunistic,1000000.0,10000.0,Direct,Debt,Entitlement,506(C),mezzanine,Month(s),none,5000.0,Active,Development,Mezzanine Debt,64387500.0,18024277.0,97974277.0,6425000.0,0.82,0.82,0.0,Month,3
Downtown Greenville - The McClaren,Multifamily,Equity,Annual Return Objective,3060000,56293677,9738.0,llc,5000,Opportunistic,3000000.0,50000.0,Tax-Deferred,"Equity,Opportunity Zone",Development,506(B),common,Year(s),opportunity_zone,5000.0,Active,Development,LP Equity,37000000.0,19118270.0,56118270.0,2700000.0,0.66,1.0,0.0,Quarter,1
Downtown Greenville - The McClaren (EM 86),Multifamily,Equity,Annual Return Objective,3060000,56293677,9738.0,llc,5000,Opportunistic,1000000.0,40000.0,Tax-Deferred,"Equity,Opportunity Zone",Development,506(B),common,Year(s),opportunity_zone,5000.0,Unknown,Unknown,Unknown,18572209.252427183,9543789.509803921,28900843.990566038,1549351.851851852,0.7476415094339626,0.8415384615384612,0.32009259259259265,Unknown,0
Echo Park Multifamily Senior Loan,Multifamily,Senior Debt,Annual Return Objective,1200000,1814769,9738.0,individual,5000,Value Add,1353731.343283582,16423.357664233576,Direct,Debt,Value Add,506(B),1st_lien,Month(s),none,5000.0,Unknown,Unknown,Unknown,18572209.252427183,9543789.509803921,28900843.990566038,1549351.851851852,0.7476415094339626,0.8415384615384612,0.32009259259259265,Unknown,0
Fairfield Inn & Suites Senior Construction Loan,Hotel,Senior Debt,Annual Return Objective,3000000,33707245,79.0,individual,5000,Opportunistic,1000000.0,20000.0,Direct,Debt,Entitlement,none,1st_lien,Month(s),none,5000.0,Active,Development,Senior Debt,30000000.0,4398216.0,34398216.0,3000000.0,0.87,0.87,0.0,Month,3
Ft. Lauderdale - Cash Flowing Office,Office,Preferred Equity,Annual Return Objective,965000,3506623,79.0,llc,5000,Value Add,1000000.0,10000.0,Direct,Preferred Equity,Stabilized,506(B),preferred,Month(s),none,5000.0,Realized,Sold,Preferred Equity,2012500.0,529123.0,3506623.0,965000.0,0.85,0.85,1.12,Quarter,2
Getaway Leased Cash Flowing Campground,Campground,Preferred Equity,Annual Return Objective,100000,365569,9738.0,llc,5000,Opportunistic,100000.0,5000.0,Direct,Preferred Equity,Entitlement,506(C),preferred,Year(s),none,5000.0,Realized,Sold,Preferred Equity,252000.0,13569.0,365569.0,100000.0,0.96,0.96,1.22,Month,2
Government Office Redevelopment,Office,Preferred Equity,Annual Return Objective,2000000,40255000,79.0,individual,5000,Opportunistic,2000000.0,15000.0,Direct,Preferred Equity,Value Add,none,preferred,Month(s),none,5000.0,Unknown,Unknown,Unknown,18572209.252427183,9543789.509803921,28900843.990566038,1549351.851851852,0.7476415094339626,0.8415384615384612,0.32009259259259265,Unknown,0
"Hartford, CT - Last Mile Industrial Facility",Industrial,Equity,Annual Return Objective,2180000,2180000,9038.0,individual,5000,Core-Plus,1000000.0,15000.0,Direct,Equity,Value Add,none,preferred,Month(s),none,5000.0,Active,Lease-up,LP Equity,4070000.0,2511250.0,6581250.0,2135000.0,0.62,1.0,0.0,Quarter,1
Harvard Heights LA Multifamily Value Add,Multifamily,Equity,Stabilized Return on Cost,540000,1653974,79.0,llc,5000,Value Add,540000.0,10000.0,Direct,Equity,Entitlement,506(C),common,Year(s),none,5000.0,Realized,Sold,LP Equity,1028400.0,625574.0,1653974.0,545000.0,0.62,1.0,1.05,Quarter,1
Hawaii Residential Construction Loan,Residential,Senior Debt,Annual Return Objective,500000,5150000,9038.0,llc,5000,Value Add,500000.0,5000.0,Direct,Debt,Entitlement,506(C),1st_lien,Month(s),none,5000.0,Active,Sale,Senior Debt,5100000.0,9543789.509803921,5100000.0,335000.0,1.0,1.0,0.0,Month,3
HFZ Lionbridge Fund,Multi-Asset,Equity,Annual Return Objective,6000000,50000000,5852.451851851852,llc,5000,Value Add,5000000.0,30000.0,Fund,Equity,Value Add,506(B),preferred,Year(s),none,5000.0,Unknown,Unknown,Unknown,18572209.252427183,9543789.509803921,28900843.990566038,1549351.851851852,0.7476415094339626,0.8415384615384612,0.32009259259259265,Unknown,0
"Hightstown, NJ - Bank Street Predevelopment",Multifamily,Preferred Equity,Annual Return Objective,1100000,16595505,9738.0,llc,5000,Opportunistic,1100000.0,15000.0,Direct,Preferred Equity,Entitlement,506(B),preferred,Month(s),none,5000.0,Active,Development,Preferred Equity,6000000.0,7772924.0,16595505.0,1100000.0,0.53,0.43,0.0,Month,2
"Historic Boutique Hotel Conversion - Savannah, GA",Hotel,Equity,Annual Return Objective,500000,20600000,10529.0,llc,5000,Core,500000.0,5000.0,Direct,Equity,Entitlement,506(C),common,Year(s),none,5000.0,Active,Lease-up,LP Equity,18000000.0,5136510.0,25636510.0,500000.0,0.8,1.0,0.0,Quarter,1
Historic Detroit Office Senior Bridge Loan,Office,Senior Debt,Annual Return Objective,2000000,37735880,5852.451851851852,llc,5000,Value Add,1000000.0,10000.0,Direct,Debt,Entitlement,506(B),1st_lien,Month(s),none,5000.0,Unknown,Unknown,Unknown,18572209.252427183,9543789.509803921,28900843.990566038,1549351.851851852,0.7476415094339626,0.8415384615384612,0.32009259259259265,Unknown,0
Hotel Indigo Acquisition & Development Loan,Hotel,Senior Debt,Annual Return Objective,800000,7875000,9038.0,llc,5000,Opportunistic,500000.0,10000.0,Direct,Debt,Entitlement,506(C),1st_lien,Month(s),none,5000.0,Realized,Sold,Senior Debt,7875000.0,1923416.0,9798416.0,800000.0,0.8,0.08,1.26,Month,3
Houston Heights Multifamily Repositioning,Multifamily,Equity,Annual Return Objective,600000,1875278,9038.0,llc,5000,Value Add,600000.0,10000.0,Direct,Equity,Entitlement,506(C),common,Year(s),none,5000.0,Active,Stabilized,LP Equity,1235000.0,662794.0,1897794.0,560000.0,0.65,1.0,0.0,Quarter,1
"Houston, TX - Fairmont on San Felipe Apartments",Multifamily,Equity,Annual Return Objective,2000000,93695439,5852.451851851852,individual,5000,Core-Plus,1000000.0,10000.0,Direct,Equity,Stabilized,none,common,Year(s),none,5000.0,Unknown,Unknown,Unknown,18572209.252427183,9543789.509803921,28900843.990566038,1549351.851851852,0.7476415094339626,0.8415384615384612,0.32009259259259265,Unknown,0
"Houston, TX - Stabilized Multifamily Recapitalization",Multifamily,Equity,Annual Return Objective,430000,2303000,9038.0,llc,5000,Core,370000.0,10000.0,Direct,Preferred Equity,Stabilized,none,preferred,Month(s),none,5000.0,Active,Lease-up,Preferred Equity,1498000.0,435000.0,2363000.0,430000.0,0.82,0.82,0.0,Month,2
"Houston, TX - Value-Add Multifamily (Allocation II)",Multifamily,Preferred Equity,Annual Return Objective,1000000,16366000,9038.0,llc,5000,Value Add,2500000.0,10000.0,Direct,Preferred Equity,Value Add,none,preferred,Month(s),none,5000.0,Active,Renovation,Preferred Equity,8416166.0,4450000.0,16366849.0,1000000.0,0.73,0.73,0.0,Month,2
"Houston, TX - Value-Add Multifamily Recapitalization",Multifamily,Preferred Equity,Annual Return Objective,3000000,15970000,9038.0,llc,5000,Value Add,1000000.0,20000.0,Direct,Preferred Equity,Value Add,none,preferred,Month(s),none,5000.0,Active,Renovation,Preferred Equity,8416166.0,4450000.0,16366849.0,2500000.0,0.73,0.73,0.0,Month,2
Hudson Yards Luxury Condo,Condo,Mezzanine Debt,Annual Return Objective,2100000,20247497,79.0,llc,5000,Opportunistic,1000000.0,10000.0,Direct,Debt,Development,none,mezzanine,Month(s),none,5000.0,Unknown,Unknown,Unknown,18572209.252427183,9543789.509803921,28900843.990566038,1549351.851851852,0.7476415094339626,0.8415384615384612,0.32009259259259265,Unknown,0
Indianapolis - Staybridge Suites Loans,Hotel,Mezzanine Debt,Annual Return Objective,2250000,2400000,79.0,llc,5000,Value Add,1000000.0,15000.0,Direct,Debt,Value Add,none,mezzanine,Month(s),none,5000.0,Active,Lease-up,Mezzanine Debt,15000000.0,950000.0,18350000.0,2250000.0,0.95,0.95,0.0,Month,3
Jacksonville Value-Add Multifamily,Multifamily,Preferred Equity,Annual Return Objective,2575000,32900000,79.0,individual,5000,Value Add,2500000.0,20000.0,Direct,Preferred Equity,Value Add,none,preferred,Month(s),none,5000.0,Unknown,Unknown,Unknown,18572209.252427183,9543789.509803921,28900843.990566038,1549351.851851852,0.7476415094339626,0.8415384615384612,0.32009259259259265,Unknown,0
Long Island - Self-Storage Development,Self-Storage,Equity,Annual Return Objective,785000,19400000,9038.0,llc,5000,Opportunistic,785000.0,10000.0,Direct,Equity,Development,506(B),preferred,Month(s),none,5000.0,Active,Development,LP Equity,11834000.0,7596078.0,19430078.0,785000.0,0.61,1.0,0.0,Quarter,1
Los Angeles - Arlington Avenue Loan,Multifamily,Senior Debt,Annual Return Objective,1000000,1758417,9738.0,llc,5000,Value Add,1000000.0,10000.0,Direct,Debt,Value Add,506(B),1st_lien,Month(s),none,5000.0,Realized,Sold,Senior Debt,1087500.0,670917.0,1758417.0,470000.0,0.62,0.62,1.05,Month,3
Los Angeles - Melrose Co-Living,Multifamily,Preferred Equity,Annual Return Objective,2500000,27095808,9038.0,individual,5000,Opportunistic,2000000.0,10000.0,Direct,Preferred Equity,Development,none,preferred,Month(s),none,5000.0,Active,Development,Preferred Equity,15100000.0,8495808.0,27095808.0,2500000.0,0.69,0.65,0.0,Month,2
Los Angeles Multifamily Portfolio Value-Add,Multifamily,Equity,Stabilized Return on Cost,600000,5149750,79.0,llc,5000,Core,600000.0,10000.0,Direct,Equity,Entitlement,506(C),common,Year(s),none,5000.0,Active,Stabilized,LP Equity,6048000.0,363708.0,6411708.0,628000.0,0.94,1.0,0.0,Quarter,1
"Macon, Georgia - Amazon Warehouse",Industrial,Equity,Annual Return Objective,1500000,78507852,9738.0,llc,5000,Core,10000000.0,20000.0,Direct,Equity,Stabilized,506(B),common,Month(s),exchange_1031,5000.0,Active,Stabilized,LP Equity,42100000.0,36407852.0,78507852.0,2345000.0,0.54,1.0,0.0,Month,1
"Macon, Georgia - Amazon Warehouse DST",Industrial,Equity,Annual Return Objective,6000000,78507852,5852.451851851852,llc,1,Core,10000000.0,100000.0,Tax-Deferred,"Equity,1031",Stabilized,506(B),common,Year(s),none,1.0,Unknown,Unknown,Unknown,18572209.252427183,9543789.509803921,28900843.990566038,1549351.851851852,0.7476415094339626,0.8415384615384612,0.32009259259259265,Unknown,0
Manhattan - Luxury Condo,Condo,Mezzanine Debt,Annual Return Objective,6000000,184507344,79.0,llc,5000,Opportunistic,1000000.0,20000.0,Direct,Debt,Development,none,mezzanine,Month(s),none,5000.0,Active,Development,Mezzanine Debt,156160000.0,17977344.0,184237344.0,6000000.0,0.88,0.88,0.0,Month,3
Metro Phoenix - Airport Logistics,Industrial,Equity,Annual Return Objective,1020000,41810726,5852.451851851852,llc,5000,Opportunistic,1000000.0,50000.0,Tax-Deferred,"Equity,Opportunity Zone",Development,506(B),preferred,Year(s),opportunity_zone,5000.0,Unknown,Unknown,Unknown,18572209.252427183,9543789.509803921,28900843.990566038,1549351.851851852,0.7476415094339626,0.8415384615384612,0.32009259259259265,Unknown,0
Mid-City LA Multifamily Value Add - 18th Street,Multifamily,Equity,Stabilized Return on Cost,600000,1978750,79.0,individual,5000,Value Add,600000.0,10000.0,Direct,Equity,Entitlement,none,preferred,Year(s),none,5000.0,Realized,Sold,LP Equity,1278750.0,700000.0,1978750.0,600000.0,0.65,1.0,1.19,Quarter,1
Mid-City LA Multifamily Value Add - 3rd Avenue,Multifamily,Equity,Stabilized Return on Cost,600000,1963438,79.0,llc,5000,Value Add,600000.0,10000.0,Direct,Equity,Entitlement,506(C),common,Year(s),none,5000.0,Realized,Sold,LP Equity,1270000.0,693438.0,1963438.0,600000.0,0.65,1.0,0.55,Quarter,1
Mid-City LA Multifamily Value Add - 4th Avenue,Multifamily,Equity,Stabilized Return on Cost,660000,1857200,79.0,llc,5000,Value Add,660000.0,10000.0,Direct,Equity,Entitlement,506(C),common,Year(s),none,5000.0,Realized,Sold,LP Equity,1090500.0,766700.0,1857200.0,660000.0,0.59,1.0,1.02,Quarter,1
Midtown Detroit Multifamily Portfolio,Multifamily,Equity,Annual Return Objective,500000,6171153,9038.0,llc,5000,Value Add,500000.0,10000.0,Direct,Equity,Entitlement,506(C),common,Year(s),none,5000.0,Active,Sale/Lease-up,LP Equity,5000000.0,2321153.0,7321153.0,325000.0,0.68,1.0,0.0,Quarter,1
Milwaukee Value Add Office,Office,Equity,Annual Return Objective,500000,9100000,79.0,llc,1000,Value Add,500000.0,5000.0,Direct,Equity,Entitlement,506(C),common,Year(s),none,1000.0,Realized,Sold,LP Equity,4266000.0,3381000.0,7647000.0,300000.0,0.56,1.0,1.95,Quarter,1
National Stabilized Multifamily Fund - Continental Properties,Multifamily,Equity,Annual Return Objective,5000000,597397000,9738.0,llc,5000,Core,1000000.0,30000.0,Fund,Equity,Stabilized,506(B),preferred,Year(s),none,5000.0,Active,Stabilized,LP Equity,438897000.0,158500000.0,597397000.0,2975000.0,0.73,1.0,0.0,Quarter,1
Nevada - Industrial and Retail NNN,Mixed Use,Preferred Equity,Annual Return Objective,4420000,7070000,9038.0,llc,5000,Opportunistic,1400000.0,20000.0,Direct,Preferred Equity,Value Add,506(B),preferred,Month(s),none,5000.0,Active,Lease-up,Preferred Equity,750000.0,3000000.0,8170000.0,4420000.0,0.63,0.63,0.0,Month,2
New Orleans - The Columns Hotel,Hotel,Preferred Equity,Annual Return Objective,2780000,10041430,9038.0,llc,5000,Opportunistic,1400000.0,20000.0,Direct,Preferred Equity,Value Add,506(B),preferred,Month(s),none,5000.0,Active,Renovation,Preferred Equity,5500000.0,2126425.0,10406425.0,2780000.0,0.8,0.8,0.0,Quarter,2
Occupied Industrial Property Bridge Loan,Industrial,Senior Debt,Annual Return Objective,500000,1225000,10529.0,llc,1000,Opportunistic,500000.0,5000.0,Direct,Debt,Entitlement,506(C),1st_lien,Month(s),none,1000.0,Realized,Sold,Senior Debt,1225000.0,806820.0,2031820.0,340000.0,0.6,0.6,1.08,Month,3
Oklahoma City - AT&T Net Lease,Office,Preferred Equity,Annual Return Objective,3500000,19351478,9738.0,llc,5000,Value Add,3500000.0,25000.0,Direct,Preferred Equity,Value Add,506(B),preferred,Month(s),none,5000.0,Unknown,Unknown,Unknown,18572209.252427183,9543789.509803921,28900843.990566038,1549351.851851852,0.7476415094339626,0.8415384615384612,0.32009259259259265,Unknown,0
Opportunity Zone Fund - National Manufactured Housing,Manufactured Housing Community,Equity,Annual Return Objective,7500000,350000000,9738.0,llc,5000,Opportunistic,10000000.0,75000.0,Direct,"Equity,Opportunity Zone",Entitlement,506(B),common,Year(s),opportunity_zone,5000.0,Active,Lease-up,LP Equity,100000000.0,272000000.0,372000000.0,6170000.0,0.27,1.0,0.0,Quarter,1
Opportunity Zone - Metro Phoenix Industrial,Industrial,Equity,Annual Return Objective,7140000,27407707,9738.0,llc,5000,Opportunistic,1000000.0,50000.0,Direct,Equity,Entitlement,506(B),common,Year(s),none,5000.0,Active,Development,LP Equity,17729423.0,11889483.0,29618906.0,2386300.0,0.6,1.0,0.0,Quarter,1
Palm Springs - Addiction Treatment Facility,Health Care,Preferred Equity,Annual Return Objective,600000,5221908,9738.0,llc,5000,Core-Plus,1000000.0,10000.0,Direct,Preferred Equity,Stabilized,506(B),preferred,Year(s),none,5000.0,Active,Stabilized,Preferred Equity,3350000.0,662640.0,5212640.0,600000.0,0.87,0.87,0.0,Month,2
Park City Main Street Bridge Loan,Mixed Use,Senior Debt,Annual Return Objective,2100000,12560000,9038.0,llc,5000,Opportunistic,1500000.0,10000.0,Direct,Debt,Entitlement,506(B),1st_lien,Month(s),none,5000.0,Realized,Sold,Senior Debt,12560000.0,9543789.509803921,12560000.0,2100000.0,1.0,0.17,1.1,Month,3
Park City Townhomes Construction Loan,Condo,Senior Debt,Annual Return Objective,500000,4192000,9738.0,llc,5000,Opportunistic,1353731.343283582,5000.0,Direct,Debt,Entitlement,506(C),1st_lien,Month(s),none,5000.0,Realized,Sold,Senior Debt,4192000.0,9543789.509803921,4192000.0,350000.0,1.0,0.8415384615384612,1.06,Month,3
"Philadelphia, PA - SOLO On Chestnut",Multifamily,Equity,Annual Return Objective,1500000,39762604,9738.0,llc,5000,Value Add,1500000.0,15000.0,Direct,Equity,Value Add,506(B),common,Year(s),none,5000.0,Active,Lease-up,LP Equity,28250000.0,9048350.0,39798350.0,1500000.0,0.77,1.0,0.0,Quarter,1
Pittsburgh - Union on 5th Student Housing,Student Housing,Equity,Annual Return Objective,2000000,14779318,9738.0,llc,5000,Value Add,750000.0,10000.0,Direct,Equity,Value Add,506(B),preferred,Year(s),none,5000.0,Active,Lease-up,LP Equity,8794000.0,5874962.0,14668962.0,2000000.0,0.6,1.0,0.0,Quarter,1
Preferred Equity - Boston Condo Development,Condo,Preferred Equity,Annual Return Objective,3000000,25254581,79.0,llc,5000,Opportunistic,1000000.0,20000.0,Direct,"Equity,Preferred Equity",Entitlement,506(B),preferred,Year(s),none,5000.0,Active,Development,Preferred Equity,18250000.0,4200000.0,26700000.0,4250000.0,0.84,0.84,0.0,Month,2
Preferred Equity - Boston Condo Development Tranche II,Condo,Preferred Equity,Annual Return Objective,1250000,26350000,79.0,llc,5000,Opportunistic,300000.0,10000.0,Direct,"Equity,Preferred Equity",Entitlement,506(B),preferred,Month(s),none,5000.0,Unknown,Unknown,Unknown,18572209.252427183,9543789.509803921,28900843.990566038,1549351.851851852,0.7476415094339626,0.8415384615384612,0.32009259259259265,Unknown,0
Preferred Equity - Brooklyn Designer Luxury Condo,Condo,Preferred Equity,Annual Return Objective,1950000,34241000,79.0,llc,5000,Opportunistic,1000000.0,15000.0,Direct,"Equity,Preferred Equity",Entitlement,506(B),preferred,Month(s),none,5000.0,Realized,Sold,Preferred Equity,24850000.0,7540000.0,36865000.0,4475000.0,0.8,0.8,1.17,Month,2
Preferred Equity - Cash-Flowing Chicago Area Office,Office,Preferred Equity,Annual Return Objective,3900000,33000000,9038.0,llc,5000,Core-Plus,1353731.343283582,20000.0,Direct,"Equity,Preferred Equity",Entitlement,506(B),preferred,Year(s),none,5000.0,Active,Stabilized,Preferred Equity,22597000.0,5673000.0,33270000.0,5000000.0,0.83,0.83,0.0,Month,2
Preferred Equity - Cash-Flowing Chicago Area Office (Tranche II),Office,Preferred Equity,Annual Return Objective,1100000,33000000,9038.0,llc,5000,Core-Plus,500000.0,5000.0,Direct,"Equity,Preferred Equity",Entitlement,506(B),preferred,Month(s),none,5000.0,Unknown,Unknown,Unknown,18572209.252427183,9543789.509803921,28900843.990566038,1549351.851851852,0.7476415094339626,0.8415384615384612,0.32009259259259265,Unknown,0
Preferred Equity - Cash-Flowing Houston Multifamily,Multifamily,Preferred Equity,Annual Return Objective,2200000,13746203,9038.0,llc,5000,Value Add,600000.0,15000.0,Direct,Preferred Equity,Entitlement,506(C),preferred,Year(s),none,5000.0,Active,Renovation,Preferred Equity,9200000.0,2346203.0,13746203.0,2200000.0,0.83,0.83,0.0,Month,2
Preferred Equity - Cash-Flowing Hyatt Place Hotel,Hotel,Preferred Equity,Annual Return Objective,2500000,18270330,9038.0,individual,5000,Value Add,500000.0,10000.0,Direct,"Equity,Preferred Equity",Entitlement,none,preferred,Year(s),none,5000.0,Active,Lease-up,Preferred Equity,12740000.0,3407830.0,18647830.0,2500000.0,0.82,0.83,0.0,Month,2
Preferred Equity - Chicago Metro Office,Office,Preferred Equity,Annual Return Objective,3775000,25900000,9038.0,llc,5000,Core-Plus,1000000.0,25000.0,Direct,Preferred Equity,Entitlement,506(B),preferred,Month(s),none,5000.0,Active,Lease-up,Preferred Equity,13843575.0,200000.0,20868575.0,3775000.0,0.99,0.69,0.0,Quarter,2
Preferred Equity - Delray Beach Luxury Townhome Development,Townhomes,Preferred Equity,Annual Return Objective,1750000,16415840,9038.0,llc,5000,Opportunistic,1000000.0,10000.0,Direct,"Equity,Preferred Equity",Entitlement,506(B),preferred,Month(s),none,5000.0,Realized,Sold,Preferred Equity,12114726.0,2551114.0,16415840.0,1750000.0,0.84,0.84,1.35,Month,2
Preferred Equity - Grand Rapids Manufactured Housing,Manufactured Housing Community,Preferred Equity,Annual Return Objective,1050000,1327500,9038.0,llc,5000,Opportunistic,1050000.0,10000.0,Direct,"Equity,Preferred Equity",Entitlement,506(C),preferred,Year(s),none,5000.0,Realized,Sold,Preferred Equity,18572209.252427183,277500.0,1327500.0,1050000.0,0.79,0.79,1.28,Quarter,2
Preferred Equity - Indianapolis Retail Plaza,Retail,Preferred Equity,Annual Return Objective,1400000,7740000,9738.0,llc,5000,Value Add,1400000.0,10000.0,Direct,Preferred Equity,Entitlement,506(B),preferred,Month(s),none,5000.0,Realized,Sold,Preferred Equity,4940000.0,1467426.0,7807426.0,1400000.0,0.81,0.81,1.09,Month,2
Preferred Equity - Miami Metro Industrial,Industrial,Preferred Equity,Annual Return Objective,1250000,6029852,79.0,llc,5000,Value Add,1000000.0,10000.0,Direct,Preferred Equity,Entitlement,506(B),preferred,Month(s),none,5000.0,Realized,Sold,Preferred Equity,4275000.0,604852.0,6029852.0,1150000.0,0.9,0.71,1.18,Month,2
Preferred Equity - Newly Completed Brooklyn Condo,Condo,Preferred Equity,Annual Return Objective,1770000,16136283,79.0,llc,5000,Opportunistic,1000000.0,15000.0,Direct,"Equity,Preferred Equity",Entitlement,506(B),preferred,Month(s),none,5000.0,Active,Sale,Preferred Equity,950000.0,4666283.0,7386283.0,950000.0,0.37,0.37,0.0,Month,2
Preferred Equity - NYC Metro Single-Tenant Industrial,Industrial,Preferred Equity,Annual Return Objective,1775000,6529285,9038.0,llc,5000,Value Add,1000000.0,10000.0,Direct,"Equity,Preferred Equity",Entitlement,506(B),preferred,Year(s),none,5000.0,Realized,Sold,Preferred Equity,4125000.0,566250.0,6466250.0,1775000.0,0.91,0.91,1.2,Month,2
Preferred Equity - Ole Miss Student Housing,Student Housing,Preferred Equity,Annual Return Objective,930000,5922684,9038.0,llc,5000,Value Add,930000.0,10000.0,Direct,Preferred Equity,Entitlement,506(C),preferred,Year(s),none,5000.0,Active,Lease-up,Preferred Equity,4032000.0,980684.0,5922684.0,910000.0,0.83,0.84,0.0,Quarter,2
Preferred Equity - Orlando Metro Triple-Net Addiction Treatment Facility,Health Care,Preferred Equity,Annual Return Objective,1170000,4741371,9738.0,individual,5000,Value Add,1000000.0,10000.0,Direct,"Equity,Preferred Equity",Entitlement,506(B),preferred,Month(s),none,5000.0,Active,Stabilized,Preferred Equity,3000000.0,604397.0,4774397.0,1170000.0,0.87,0.88,0.0,Month,2
Preferred Equity - South Florida Triple-Net Industrial Property,Industrial,Preferred Equity,Annual Return Objective,1300000,4419650,79.0,llc,5000,Opportunistic,1000000.0,10000.0,Direct,Preferred Equity,Entitlement,none,preferred,Month(s),none,5000.0,Realized,Sold,Preferred Equity,2665000.0,454650.0,4419650.0,1300000.0,0.9,0.6,1.25,Quarter,2
Preferred Equity - Tampa Bay Senior Living Facility,Senior Housing,Preferred Equity,Annual Return Objective,2500000,18900000,79.0,llc,5000,Value Add,1400000.0,20000.0,Direct,"Equity,Preferred Equity",Value Add,506(B),preferred,Month(s),none,5000.0,Active,Stabilized,Preferred Equity,8500000.0,3617000.0,19276882.0,2500000.0,0.81,0.81,0.0,Month,2
"Preferred Equity - Washington, D.C. Condo Redevelopment",Condo,Preferred Equity,Annual Return Objective,1600000,1902804,79.0,llc,5000,Opportunistic,1600000.0,10000.0,Direct,"Equity,Preferred Equity",Entitlement,506(B),preferred,Month(s),none,5000.0,Realized,Sold,Preferred Equity,18572209.252427183,302804.0,1902804.0,1600000.0,0.84,0.84,1.16,Month,2
Preferred Equity - West Hollywood Townhomes Development,Townhomes,Preferred Equity,Annual Return Objective,690000,5013425,10529.0,llc,5000,Opportunistic,10000.0,10000.0,Direct,Preferred Equity,Entitlement,506(C),preferred,Month(s),none,5000.0,Realized,Sold,Preferred Equity,2894388.0,1429038.0,5013425.0,690000.0,0.71,0.71,1.19,Month,2
Preferred Equity - Williamsburg Mixed-Use Office & Retail,Mixed Use,Preferred Equity,Annual Return Objective,2000000,25520413,9738.0,llc,5000,Value Add,1000000.0,10000.0,Direct,"Equity,Preferred Equity",Entitlement,506(B),preferred,Month(s),none,5000.0,Active,Lease-up,Preferred Equity,14685000.0,8845413.0,25530413.0,2000000.0,0.65,0.65,0.0,Month,2
Pre-IPO Triple Net Lease REIT,Multi-Asset,Equity,Annual Return Objective,5000000,5000000,79.0,individual,5000,Core,5000000.0,15000.0,Fund,Equity,Stabilized,none,preferred,Month(s),none,5000.0,Unknown,Unknown,Unknown,18572209.252427183,9543789.509803921,28900843.990566038,1549351.851851852,0.7476415094339626,0.8415384615384612,0.32009259259259265,Unknown,0
Richmond Multifamily & Student Housing,Multifamily,Equity,Annual Return Objective,335000,12046366,9038.0,llc,5000,Value Add,500000.0,10000.0,Direct,Equity,Unknown,506(C),common,Year(s),none,5000.0,Active,Stabilized,LP Equity,10850000.0,1196366.0,12046366.0,195000.0,0.9,1.0,0.0,Quarter,1
"San Antonio, TX - Collection At Overlook",Multifamily,Equity,Annual Return Objective,1250000,37804367,9738.0,individual,5000,Value Add,1353731.343283582,16423.357664233576,Direct,Equity,Value Add,506(B),common,Year(s),none,5000.0,Active,Renovation,LP Equity,24375000.0,9465383.0,37854383.0,1250000.0,0.75,1.0,0.0,Quarter,1
San Francisco Pre-Development Bridge Loan,Land,Senior Debt,Annual Return Objective,500000,3400000,10529.0,llc,1000,Value Add,500000.0,5000.0,Direct,Debt,Entitlement,506(C),1st_lien,Month(s),none,1000.0,Realized,Sold,Senior Debt,3400000.0,1900000.0,5300000.0,131000.0,0.64,0.02,1.03,Month,3
Santa Monica Luxury Condo Development,Condo,Equity,Annual Return Objective,750000,9184000,79.0,llc,5000,Opportunistic,750000.0,10000.0,Direct,Equity,Entitlement,506(C),common,Month(s),none,5000.0,Active,Stabilized,LP Equity,6250000.0,1540000.0,12061915.0,750000.0,0.87,1.0,0.0,Quarter,1
"Schaumburg, IL - Carmax Triple-Net DST",Retail,Equity,Annual Return Objective,5000000,36882000,5852.451851851852,llc,1000,Core,5000000.0,200000.0,Tax-Deferred,"Equity,1031",Stabilized,506(B),common,Year(s),exchange_1031,1000.0,Unknown,Unknown,Unknown,18572209.252427183,9543789.509803921,28900843.990566038,1549351.851851852,0.7476415094339626,0.8415384615384612,0.32009259259259265,Unknown,0
Seattle Luxury Townhomes Development,Townhomes,Equity,Annual Return Objective,400000,3978504,9738.0,llc,5000,Opportunistic,400000.0,5000.0,Direct,Equity,Entitlement,506(C),common,Month(s),none,5000.0,Active,Sale,LP Equity,3325000.0,653504.0,3978504.0,400000.0,0.84,1.0,0.0,Quarter,1
South Florida - Self Storage Portfolio,Self-Storage,Preferred Equity,Annual Return Objective,920000,3134228,79.0,llc,5000,Core-Plus,1000000.0,10000.0,Direct,Preferred Equity,Stabilized,506(B),preferred,Month(s),none,5000.0,Realized,Sold,Preferred Equity,1901250.0,312978.0,3134228.0,920000.0,0.9,0.89,1.14,Quarter,2
Starcity Co-Living San Francisco Redevelopment,Multifamily,Equity,Annual Return Objective,1815000,4265405,9038.0,individual,5000,Opportunistic,1655000.0,10000.0,Direct,Equity,Entitlement,506(B),common,Year(s),none,5000.0,Active,Sale/Lease-up,LP Equity,2403700.0,2037203.0,4440903.0,1815000.0,0.54,1.0,0.0,Quarter,1
Starwood Real Estate Income Trust (SREIT),Multi-Asset,Equity,Annual Return Objective,10000000,5000000000,9738.0,llc,500,Core,5000000.0,5000.0,Fund,Equity,Stabilized,none,preferred,Month(s),none,21.4004,Active,Development,LP Equity,18572209.252427183,9543789.509803921,28900843.990566038,702500.0,0.7476415094339626,0.8415384615384612,0.0,Month,0
"St. George, UT - Boulder Creek Predevelopment Loan",Land,Senior Debt,Annual Return Objective,2300000,10750000,9738.0,llc,5000,Opportunistic,1000000.0,10000.0,Direct,Debt,Development,506(B),1st_lien,Month(s),none,5000.0,Active,Development,Senior Debt,10750000.0,9543789.509803921,10750000.0,2300000.0,1.0,0.9,0.0,Month,3
"Tidal Wave Car Wash - Foley, AL",Car Wash,Preferred Equity,Annual Return Objective,1800000,6130332,79.0,individual,5000,Opportunistic,1800000.0,15000.0,Direct,Preferred Equity,Development,none,preferred,Month(s),none,5000.0,Unknown,Unknown,Unknown,18572209.252427183,9543789.509803921,28900843.990566038,1549351.851851852,0.7476415094339626,0.8415384615384612,0.32009259259259265,Unknown,0
"Tidal Wave Car Wash - Foley, AL (B)",Car Wash,Preferred Equity,Annual Return Objective,1398932,6130332,79.0,individual,1,Opportunistic,1800000.0,15000.0,Direct,Preferred Equity,Development,none,preferred,Month(s),none,1.0,Active,Development,Preferred Equity,3131925.0,246582.0,6161507.0,983000.0,0.96,0.67,0.0,Month,2
"Tidal Wave Car Wash - Ocala, FL",Car Wash,Preferred Equity,Annual Return Objective,1400000,6963258,79.0,individual,5000,Opportunistic,750000.0,10000.0,Direct,Preferred Equity,Development,none,preferred,Month(s),none,5000.0,Unknown,Unknown,Unknown,18572209.252427183,9543789.509803921,28900843.990566038,1549351.851851852,0.7476415094339626,0.8415384615384612,0.32009259259259265,Unknown,0
"Tidal Wave Car Wash - Pace, FL",Car Wash,Preferred Equity,Annual Return Objective,1450000,5192520,79.0,llc,5000,Opportunistic,1000000.0,10000.0,Direct,"Equity,Preferred Equity",Entitlement,506(B),preferred,Month(s),none,5000.0,Active,Stabilized,Preferred Equity,2732136.0,460384.0,5192520.0,1450000.0,0.91,0.53,0.0,Quarter,2
"Tidal Wave Car Wash - Pace, FL",Car Wash,Preferred Equity,Annual Return Objective,1825000,5995955,79.0,llc,5000,Opportunistic,1000000.0,10000.0,Direct,"Equity,Preferred Equity",Entitlement,506(B),preferred,Month(s),none,5000.0,Active,Stabilized,Preferred Equity,2732136.0,460384.0,5192520.0,1450000.0,0.91,0.53,0.0,Quarter,2
"Tidal Wave Car Wash - Roswell, GA",Car Wash,Preferred Equity,Annual Return Objective,1810000,6004552,79.0,llc,5000,Opportunistic,1000000.0,20000.0,Direct,"Equity,Preferred Equity",Entitlement,506(B),preferred,Month(s),none,5000.0,Active,Stabilized,Preferred Equity,3150979.0,493573.0,6004552.0,1810000.0,0.92,0.83,0.0,Month,2
"Tidal Wave Car Wash - Roswell, GA (B)",Car Wash,Preferred Equity,Annual Return Objective,550000,6004552,79.0,llc,5000,Opportunistic,1000000.0,20000.0,Direct,"Equity,Preferred Equity",Entitlement,506(B),preferred,Month(s),none,5000.0,Active,Stabilized,Preferred Equity,3150979.0,493573.0,6004552.0,550000.0,0.92,0.92,0.0,Month,2
"Tidal Wave Car Wash - Tampa Bay, FL (Lutz)",Car Wash,Preferred Equity,Annual Return Objective,897000,6181796,79.0,llc,1000,Opportunistic,1000000.0,10000.0,Direct,Preferred Equity,Development,506(B),preferred,Month(s),none,1000.0,Active,Development,Preferred Equity,3838960.0,494544.0,6181796.0,1250000.0,0.92,0.82,0.0,Month,2
"Tidal Wave Car Wash - Tampa Bay, FL (Lutz)",Car Wash,Preferred Equity,Annual Return Objective,1250000,6181796,79.0,llc,5000,Opportunistic,1000000.0,10000.0,Direct,Preferred Equity,Development,506(B),preferred,Month(s),none,5000.0,Active,Development,Preferred Equity,3838960.0,494544.0,6181796.0,1250000.0,0.92,0.82,0.0,Month,2
"Tidal Wave Car Wash - Tampa Bay, FL (Oldsmar)",Car Wash,Preferred Equity,Annual Return Objective,2000000,6698349,79.0,llc,5000,Opportunistic,1000000.0,15000.0,Direct,"Equity,Preferred Equity",Development,506(B),preferred,Month(s),none,5000.0,Active,Development,Preferred Equity,3506297.0,537052.0,6698349.0,2000000.0,0.92,0.82,0.0,Month,2
"Tidal Wave Car Wash - Tampa Bay, FL (Oldsmar)",Car Wash,Preferred Equity,Annual Return Objective,2000000,6698349,79.0,llc,5000,Opportunistic,1000000.0,15000.0,Direct,"Equity,Preferred Equity",Development,506(B),preferred,Month(s),none,5000.0,Active,Development,Preferred Equity,3506297.0,537052.0,6698349.0,2000000.0,0.92,0.82,0.0,Month,2
"Tidal Wave - Ocala, FL (B)",Car Wash,Preferred Equity,Annual Return Objective,844000,10000000,79.0,llc,5000,Value Add,1353731.343283582,16423.357664233576,Direct,Preferred Equity,Development,none,preferred,Month(s),none,5000.0,Unknown,Unknown,Unknown,18572209.252427183,9543789.509803921,28900843.990566038,1549351.851851852,0.7476415094339626,0.8415384615384612,0.32009259259259265,Unknown,0
Trevian Capital Debt Fund,Multi-Asset,Senior Debt,Annual Return Objective,5000000,100000000,9738.0,individual,5000,Value Add,5000000.0,20000.0,Fund,Debt,Value Add,506(B),1st_lien,Year(s),none,5000.0,Unknown,Unknown,Unknown,18572209.252427183,9543789.509803921,28900843.990566038,1549351.851851852,0.7476415094339626,0.8415384615384612,0.32009259259259265,Unknown,0
Triple-Net Rite Aid Senior Bridge Loan,Retail,Senior Debt,Annual Return Objective,1350000,2700000,79.0,llc,5000,Opportunistic,500000.0,10000.0,Direct,Debt,Entitlement,506(B),1st_lien,Month(s),none,5000.0,Realized,Sold,Senior Debt,2025000.0,675000.0,2700000.0,1350000.0,0.75,0.5,1.22,Month,3
Upper Manhattan Multifamily and Retail Portfolio,Mixed Use,Equity,Annual Return Objective,500000,189000000,9038.0,llc,5000,Core,1000000.0,10000.0,Direct,Equity,Entitlement,506(C),preferred,Year(s),none,5000.0,Active,Stabilized,LP Equity,110325000.0,52625000.0,187950000.0,100000.0,0.72,1.0,0.0,Quarter,1
Waterford Grove GP Multifamily,Multifamily,Equity,Annual Return Objective,2000000,79332567,79.0,llc,5000,Value Add,1900000.0,20000.0,Direct,Equity,Value Add,none,preferred,Year(s),none,5000.0,Unknown,Unknown,Unknown,18572209.252427183,9543789.509803921,28900843.990566038,1549351.851851852,0.7476415094339626,0.8415384615384612,0.32009259259259265,Unknown,0
"Westgate Industrial Conversion - Macon, GA",Mixed Use,Equity,Annual Return Objective,2000000,8908303,5852.451851851852,llc,5000,Opportunistic,500000.0,15000.0,Direct,Equity,Entitlement,506(B),common,Year(s),none,5000.0,Unknown,Unknown,Unknown,18572209.252427183,9543789.509803921,28900843.990566038,1549351.851851852,0.7476415094339626,0.8415384615384612,0.32009259259259265,Unknown,0
West Hollywood Luxury Condo Conversion,Condo,Equity,Annual Return Objective,1250000,7050000,10529.0,llc,5000,Value Add,600000.0,10000.0,Direct,Equity,Entitlement,506(C),common,Month(s),none,5000.0,Realized,Sold,LP Equity,4580000.0,2468900.0,7048900.0,1530000.0,0.65,1.0,1.06,Quarter,1
West Hollywood Multifamily Value Add,Multifamily,Equity,Stabilized Return on Cost,1700000,4561894,79.0,llc,5000,Value Add,1700000.0,10000.0,Direct,Equity,Entitlement,506(B),common,Month(s),none,5000.0,Active,Stabilized,LP Equity,2307500.0,2254394.0,4561894.0,1700000.0,0.51,1.0,0.0,Quarter,1
